perfumeLabel,brandLabel,year
1969,,2001
Alto Astral,,
Ambition,,
Angel Muse,,2017
Anglomania,,2005
Autumn 25,,2025
Because of You...,,2010
Believe,,
Beso,,
Beyoncé Pulse,,
Bijou Zafran,,2026
Bint el Sudan,,
Blocki,,
Blu,,
Boudoir,,1998
Boudoir Sin Garden,,2007
Burnt Hair,,2022
Cadavre Exquis,,
Can Can,,
Cheeky Alice,,2011
Clive Christian No. 1,,
Como La Flor,,
Corpse Reviver,,
Counterplay,,2024
Crêpe de Chine,,
Desert Dawn,,
Diamonds,,
Earthworm,,
Eau d'Orange Verte,,2009
Electric Youth,,
Elixir,,
Esprit de Valdemar,,
Ever,,
Fantasy,,
Flirty Alice,,2013
Florida Water,,
Forbidden Rose,,
Forever,,
Glowing by JLo,,
Hai Karate,,
Imperial Majesty,,
Knize Ten,,1924
Lacoste Essential,,
Let It Rock,,2007
Libertine,,2000
Love and Glamour,,
Love Potion No. 9,,
Lune Rose,,
Luscious Pink,,
M,,
Mad Potion,,
Mon Boudoir,,2013
Ombre rose,,
Our Moment,,
Paris Hilton,,
Peau d’Espagne,,
Pitralon,,
Prerogative,,
Radiance,,
Regalium,,
Rise,,
Roma,,
Sexy Darling,,
Spring 26,,2026
Still Jennifer Lopez,,
StormFlower,,
Sunny Alice,,2014
TAG Body Spray,,
"Tempt, Tease and Touch",,
"Thank U, Next",,
True Star,,
U From Uruguay,,
Uninhibited,,
Usher VIP,,
Winter 26,,2025
Take Me to the River,4160 Tuesdays,2018
Fierce,Abercrombie & Fitch,
Ambra,Acqua di Parma,
Blu Mediterraneo Arancia di Capri,Acqua di Parma,
Blu Mediterraneo Bergamotto di Calabria,Acqua di Parma,
Blu Mediterraneo Chinotto di Liguria,Acqua di Parma,
Blu Mediterraneo Cipresso di Toscana,Acqua di Parma,
Blu Mediterraneo Fico di Amalfi,Acqua di Parma,
Blu Mediterraneo Mandorlo di Sicilia,Acqua di Parma,
Blu Mediterraneo Mirto di Panarea,Acqua di Parma,
Colonia,Acqua di Parma,
Colonia Essenza,Acqua di Parma,
Colonia Futura,Acqua di Parma,
Colonia Intensa,Acqua di Parma,
Colonia Pura,Acqua di Parma,
Gelsomino Nobile,Acqua di Parma,
Leather,Acqua di Parma,
Lily of the Valley,Acqua di Parma,
Luce di Colonia,Acqua di Parma,
Magnolia Nobile,Acqua di Parma,
Osmanthus,Acqua di Parma,
Oud,Acqua di Parma,
Peonia Nobile,Acqua di Parma,
Quercia,Acqua di Parma,
Rosa Nobile,Acqua di Parma,
Sakura,Acqua di Parma,
Yuzu,Acqua di Parma,
Zafferano,Acqua di Parma,
Aurner,Aesop,
Eidesis,Aesop,
Eremia,Aesop,
Gloam,Aesop,
Hwyl,Aesop,
Karst,Aesop,
Marrakech Intense,Aesop,
Miraceti,Aesop,
Ouranon,Aesop,
Rōzu,Aesop,
Tacit,Aesop,
Virēre,Aesop,
Ashore,Amouage,
Beach Hut Man,Amouage,
Beach Hut Woman,Amouage,
Boundless,Amouage,
Crimson Rocks,Amouage,
Dia Man,Amouage,
Dia Woman,Amouage,
Enclave,Amouage,
Epic Man,Amouage,
Epic Woman,Amouage,
Figment Man,Amouage,
Figment Woman,Amouage,
Gold Man,Amouage,
Gold Woman,Amouage,
Guidance,Amouage,
Honour Man,Amouage,
Honour Woman,Amouage,
Interlude Man,Amouage,
Interlude Woman,Amouage,
Journey Man,Amouage,
Journey Woman,Amouage,
Jubilation 25 Woman,Amouage,
Jubilation XXV Man,Amouage,
King Blue,Amouage,
Lineage,Amouage,
Lyric Man,Amouage,
Lyric Woman,Amouage,
Material,Amouage,
Meander,Amouage,
Memoir Man,Amouage,
Memoir Woman,Amouage,
Opus V Woods Symphony,Amouage,
Opus XIV Royal Tobacco,Amouage,
Purpose,Amouage,
Reflection Man,Amouage,
Reflection Woman,Amouage,
Search,Amouage,
Sunshine Man,Amouage,
Sunshine Woman,Amouage,
Aramis,Aramis,1963
Ari,Ariana Grande,
Cloud,Ariana Grande,
Cloud 2.0 Intense,Ariana Grande,
Frankie,Ariana Grande,
God Is a Woman,Ariana Grande,
Mod Blush,Ariana Grande,
Mod Vanilla,Ariana Grande,
Moonlight,Ariana Grande,
Pink Woods,Ariana Grande,
R.E.M.,Ariana Grande,
Sweet Like Candy,Ariana Grande,
Sweetener,Ariana Grande,
"Thank U, Next",Ariana Grande,
"Thank U, Next 2.0",Ariana Grande,
TUN 2.0,Ariana Grande,
Aura Fresh,Armaf,
Beau Elegant,Armaf,
Club de Nuit Iconic,Armaf,
Club de Nuit Intense Man,Armaf,
Club de Nuit Intense Woman,Armaf,
Club de Nuit Milestone,Armaf,
Club de Nuit Sillage,Armaf,
Club de Nuit Untold,Armaf,
Club de Nuit Urban Man Elixir,Armaf,
Craze,Armaf,
Derby Club House Blanche,Armaf,
Hunter Intense,Armaf,
Le Parfait Pour Homme,Armaf,
Legesi Homme,Armaf,
Magnificent Pour Homme,Armaf,
Niche Oud,Armaf,
Niche Platinum,Armaf,
Niche Sapphire,Armaf,
Odyssey Homme,Armaf,
Odyssey Mandarin Sky,Armaf,
Odyssey Mega,Armaf,
Shades Blue,Armaf,
Tag Her,Armaf,
Tag Him,Armaf,
Tres Nuit,Armaf,
Bergamote Soleil,Atelier Cologne,
Bois Blonds,Atelier Cologne,
Cafe Tuberosa,Atelier Cologne,
Camélia Intrépide,Atelier Cologne,
Cedrat Enivrant,Atelier Cologne,
Cedre Atlas,Atelier Cologne,
Clémentine California,Atelier Cologne,
Grand Neroli,Atelier Cologne,
Iris Rebelle,Atelier Cologne,
Lemon Island,Atelier Cologne,
Love Osmanthus,Atelier Cologne,
Musc Impérial,Atelier Cologne,
Orange Sanguine,Atelier Cologne,
Oud Saphir,Atelier Cologne,
Pacific Lime,Atelier Cologne,
Pomelo Paradis,Atelier Cologne,
Rose Anonyme,Atelier Cologne,
Santal Carmin,Atelier Cologne,
Tobacco Nuit,Atelier Cologne,
Trefle Pur,Atelier Cologne,
Vanille Insensée,Atelier Cologne,
Vetiver Fatal,Atelier Cologne,
Always,Avon,
Attraction,Avon,
Attraction Sensation,Avon,
Black Suede,Avon,
Cherish,Avon,
Elite Gentleman,Avon,
Eve Confidence,Avon,
Eve Elegance,Avon,
Eve Truth,Avon,
Far Away,Avon,
Far Away Beyond,Avon,
Far Away Glamour,Avon,
Far Away Infinity,Avon,
Far Away Rebel,Avon,
Far Away Splendoria,Avon,
Full Speed,Avon,
Haiku,Avon,
Haiku Kyoto Flower,Avon,
Imari,Avon,
Imari Seduction,Avon,
Incandessence,Avon,
Individual Blue,Avon,
Little Black Dress,Avon,
Little Red Dress,Avon,
Little White Dress,Avon,
Luck,Avon,
Mesmerize,Avon,
Odyssey,Avon,
Perceive,Avon,
Pur Blanca,Avon,
Rare Amethyst,Avon,
Rare Gold,Avon,
Rare Pearls,Avon,
Secret Fantasy,Avon,
Soft Musk,Avon,
Sweet Honesty,Avon,
Timeless,Avon,
Today,Avon,
Tomorrow,Avon,
Wild Country,Avon,
Azzaro Pour Homme,Azzaro,
Azzaro Sport,Azzaro,
Chrome,Azzaro,
Chrome Aqua,Azzaro,
Chrome Extreme,Azzaro,
Chrome Legend,Azzaro,
Decibel,Azzaro,
Mademoiselle Azzaro,Azzaro,
Silver Black,Azzaro,
Solarissimo Favignana,Azzaro,
Solarissimo Levanzo,Azzaro,
Solarissimo Marettimo,Azzaro,
The Most Wanted,Azzaro,
The Most Wanted Parfum,Azzaro,
Twin for Men,Azzaro,
Twin for Women,Azzaro,
Visit,Azzaro,
Wanted,Azzaro,
Wanted by Night,Azzaro,
Wanted Girl,Azzaro,
Wanted Girl Tonic,Azzaro,
A Thousand Wishes,Bath & Body Works,
At the Beach,Bath & Body Works,
Beautiful Day,Bath & Body Works,
Butterfly,Bath & Body Works,
Champagne Toast,Bath & Body Works,
Chasing Fireflies,Bath & Body Works,
Cotton Blossom,Bath & Body Works,
Country Apple,Bath & Body Works,
Cucumber Melon,Bath & Body Works,
Dahlia,Bath & Body Works,
Dark Kiss,Bath & Body Works,
Dream Bright,Bath & Body Works,
Fairytale,Bath & Body Works,
Gingham,Bath & Body Works,
Gingham Fresh,Bath & Body Works,
Gingham Gorgeous,Bath & Body Works,
Hello Beautiful,Bath & Body Works,
In the Stars,Bath & Body Works,
Into the Night,Bath & Body Works,
Japanese Cherry Blossom,Bath & Body Works,
Luminous,Bath & Body Works,
Magic in the Air,Bath & Body Works,
Moonlight Path,Bath & Body Works,
Pure Wonder,Bath & Body Works,
Rose,Bath & Body Works,
Sensual Amber,Bath & Body Works,
Sweet Pea,Bath & Body Works,
Twilight Woods,Bath & Body Works,
Warm Vanilla Sugar,Bath & Body Works,
You're the One,Bath & Body Works,
312 Saint-Honoré,BDK Parfums,
Ambre Safrano,BDK Parfums,
Bouquet de Hongrie,BDK Parfums,
Citrus Riviera,BDK Parfums,
Crème de Cuir,BDK Parfums,
French Bouquet,BDK Parfums,
Gris Charnel,BDK Parfums,
Gris Charnel Extrait,BDK Parfums,
Impavid,BDK Parfums,
Nuit de Sable,BDK Parfums,
Oud Abramad,BDK Parfums,
Pas Ce Soir,BDK Parfums,
Rouge Smoking,BDK Parfums,
Sel d'Argent,BDK Parfums,
Tabac Rose,BDK Parfums,
Tubéreuse Impériale,BDK Parfums,
Vanille Leather,BDK Parfums,
Velvet Tonka,BDK Parfums,
Villa Neroli,BDK Parfums,
Wood Jasmin,BDK Parfums,
B United Jeans Man,Benetton,
B United Jeans Woman,Benetton,
Cold,Benetton,
Colors de Benetton,Benetton,
Colors Man,Benetton,
Energy,Benetton,
Hot,Benetton,
Let's Move,Benetton,
Sisterland Green Jasmine,Benetton,
Sisterland Pink Raspberry,Benetton,
Sisterland Red Rose,Benetton,
Tribu,Benetton,
United Dreams Aim High,Benetton,
United Dreams Go Far,Benetton,
United Dreams Live Free,Benetton,
United Dreams Love Yourself,Benetton,
United Dreams Stay Positive,Benetton,
Heat Rush,Beyoncé,
September,Björk and Berries,2020
Maai,Bogue Profumo,
Zelen,Boka Fragrance,2023
Astor Place,Bond No. 9,
Bleecker Street,Bond No. 9,
Brooklyn,Bond No. 9,
Bryant Park,Bond No. 9,
Central Park South,Bond No. 9,
Central Park West,Bond No. 9,
Chelsea Flowers,Bond No. 9,
Chinatown,Bond No. 9,
Coney Island,Bond No. 9,
Dubai Amber,Bond No. 9,
Dubai Emerald,Bond No. 9,
Dubai Ruby,Bond No. 9,
Governor's Island,Bond No. 9,
Greenwich Village,Bond No. 9,
High Line,Bond No. 9,
Lafayette Street,Bond No. 9,
Madison Square Park,Bond No. 9,
New Haarlem,Bond No. 9,
New York Nights,Bond No. 9,
New York Oud,Bond No. 9,
Nomad,Bond No. 9,
Nuits de Noho,Bond No. 9,
Queens,Bond No. 9,
Scent of Peace,Bond No. 9,
Scent of Peace for Him,Bond No. 9,
Tribeca,Bond No. 9,
Wall Street,Bond No. 9,
Ambre d'Alexandrie,Boucheron,
Boucheron,Boucheron,
Cuir de Venise,Boucheron,
Fleurs,Boucheron,
Iris de Syracuse,Boucheron,
Jaipur Bracelet,Boucheron,
Jaipur Homme,Boucheron,
Néroli d'Ispahan,Boucheron,
Oud de Carthage,Boucheron,
Patchouli d'Angkor,Boucheron,
Place Vendôme,Boucheron,
Quatre,Boucheron,
Quatre Absolu de Nuit,Boucheron,
Rose d'Isparta,Boucheron,
Santal de Kandy,Boucheron,
Serpent Bohème,Boucheron,
Singulier,Boucheron,
Trouble,Boucheron,
Tubéreuse de Madras,Boucheron,
Vanille de Zanzibar,Boucheron,
Believe,Britney Spears,
Blissful Fantasy,Britney Spears,
Candied Fantasy,Britney Spears,
Circus Fantasy,Britney Spears,
Cosmic Radiance,Britney Spears,
Curious,Britney Spears,
Electric Fantasy,Britney Spears,
Fantasy,Britney Spears,
Fantasy Intimate Edition,Britney Spears,
Fantasy Naughty Remix,Britney Spears,
Fantasy Nice Remix,Britney Spears,
Fantasy Sheer,Britney Spears,
Festive Fantasy,Britney Spears,
Hidden Fantasy,Britney Spears,
Island Fantasy,Britney Spears,
Jungle Fantasy,Britney Spears,
Maui Fantasy,Britney Spears,
Midnight Fantasy,Britney Spears,
Naked Fantasy,Britney Spears,
Prerogative,Britney Spears,
Prerogative Ego,Britney Spears,
Private Show,Britney Spears,
Radiance,Britney Spears,
VIP Private Show,Britney Spears,
Body,Burberry,
Body Tender,Burberry,
Burberry Brit,Burberry,
Burberry Brit Rhythm,Burberry,
Burberry Brit Sheer,Burberry,
Burberry Goddess,Burberry,
Burberry Her,Burberry,
Burberry Her Elixir,Burberry,
Burberry Her Intense,Burberry,
Burberry Hero,Burberry,
Burberry Hero Parfum,Burberry,
Burberry London,Burberry,
Burberry London for Men,Burberry,
Mr. Burberry,Burberry,
Mr. Burberry Indigo,Burberry,
My Burberry,Burberry,
My Burberry Black,Burberry,
My Burberry Blush,Burberry,
The Beat,Burberry,
The Beat for Men,Burberry,
Touch for Men,Burberry,
Touch for Women,Burberry,
Weekend for Men,Burberry,
Weekend for Women,Burberry,
Aqva Amara,Bvlgari,
Aqva Marine,Bvlgari,
Aqva Pour Homme,Bvlgari,
Bvlgari Man,Bvlgari,
Bvlgari Man Glacial Essence,Bvlgari,
Bvlgari Man Terrae Essence,Bvlgari,
Bvlgari Man Wood Essence,Bvlgari,
Bvlgari Man Wood Neroli,Bvlgari,
Eau Parfumée au Thé Blanc,Bvlgari,
Eau Parfumée au Thé Bleu,Bvlgari,
Eau Parfumée au Thé Vert,Bvlgari,
Goldea,Bvlgari,
Le Gemme Gyan,Bvlgari,
Le Gemme Onekh,Bvlgari,
Le Gemme Tygar,Bvlgari,
Man in Black,Bvlgari,
Omnia Amethyste,Bvlgari,
Omnia Coral,Bvlgari,
Omnia Crystalline,Bvlgari,
Omnia Golden Citrine,Bvlgari,
Omnia Paraiba,Bvlgari,
Omnia Pink Sapphire,Bvlgari,
Rose Goldea,Bvlgari,
Rose Goldea Blossom Delight,Bvlgari,
Splendida Jasmin Noir,Bvlgari,
Splendida Rose Rose,Bvlgari,
Splendida Tubereuse Mystique,Bvlgari,
Accord Oud,Byredo,
Animalique,Byredo,
Bal d'Afrique,Byredo,
Bibliothèque,Byredo,
Black Saffron,Byredo,
Blanche,Byredo,
Byredo Bibliotheque,Byredo,
Byredo Infra Luna,Byredo,
Byredo Mister Marvelous,Byredo,
Byredo Mojave Ghost,Byredo,
Casablanca Lily,Byredo,
De Los Santos,Byredo,
Deep Viola,Byredo,2020
Eleventh Hour,Byredo,
Eyes Closed,Byredo,
Gypsy Water,Byredo,
Inflorescence,Byredo,
La Tulipe,Byredo,
Lil Fleur,Byredo,
Mister Marvelous,Byredo,
Mixed Emotions,Byredo,
Mojave Ghost,Byredo,
Mumbai Noise,Byredo,
Oud Immortel,Byredo,
Pulp,Byredo,
Reine de Nuit,Byredo,
Rose of No Man's Land,Byredo,
Rouge Chaotique,Byredo,
Slow Dance,Byredo,
Sundazed,Byredo,
Super Cedar,Byredo,
Unnamed,Byredo,
Velvet Haze,Byredo,
Young Rose,Byredo,
Anaïs Anaïs,Cacharel,
Beauty,Calvin Klein,
CK Be,Calvin Klein,
CK Everyone,Calvin Klein,
cK IN2U,Calvin Klein,
CK IN2U Her,Calvin Klein,
CK IN2U Him,Calvin Klein,
CK One,Calvin Klein,1994
Contradiction,Calvin Klein,
Contradiction for Men,Calvin Klein,
Deep Euphoria,Calvin Klein,
Defy,Calvin Klein,
Downtown,Calvin Klein,
Escape,Calvin Klein,
Escape for Men,Calvin Klein,
Eternity,Calvin Klein,1988
Eternity Air,Calvin Klein,
Eternity Aqua,Calvin Klein,2012
Eternity Aqua for Men,Calvin Klein,2010
Eternity Flame,Calvin Klein,2019
Eternity Flame For Men,Calvin Klein,2019
Eternity for Men,Calvin Klein,2019
Eternity Moment,Calvin Klein,2004
Eternity Now,Calvin Klein,
Euphoria,Calvin Klein,
Euphoria Blossom,Calvin Klein,
Euphoria Men,Calvin Klein,
Man,Calvin Klein,
Obsession,Calvin Klein,1985
Obsession for Men,Calvin Klein,1986
Obsession Night,Calvin Klein,
Reveal,Calvin Klein,
Sheer Beauty,Calvin Klein,
Truth,Calvin Klein,
Women,Calvin Klein,
Ambar del Sur,Carner Barcelona,
Besos,Carner Barcelona,
Bo-Bo,Carner Barcelona,
Costarela,Carner Barcelona,
Cuirs,Carner Barcelona,
D600,Carner Barcelona,
El Born,Carner Barcelona,
Fig Man,Carner Barcelona,
Helix,Carner Barcelona,
Ibiza Nights,Carner Barcelona,
Latin Lover,Carner Barcelona,
Marbella,Carner Barcelona,
Megalium,Carner Barcelona,
Palo Santo,Carner Barcelona,
Rima XI,Carner Barcelona,
Rose & Dragon,Carner Barcelona,
Salado,Carner Barcelona,
Sweet William,Carner Barcelona,
Tardes,Carner Barcelona,
Volcano,Carner Barcelona,
212,Carolina Herrera,
212 Heroes,Carolina Herrera,
212 Sexy,Carolina Herrera,
212 Sexy Men,Carolina Herrera,
212 VIP,Carolina Herrera,
212 VIP Men,Carolina Herrera,
212 VIP Rosé,Carolina Herrera,
Amber Desire,Carolina Herrera,
Bad Boy,Carolina Herrera,
Bad Boy Cobalt,Carolina Herrera,
Bad Boy Le Parfum,Carolina Herrera,
Burning Rose,Carolina Herrera,
CH,Carolina Herrera,
CH Men,Carolina Herrera,
Chic,Carolina Herrera,
Chic for Men,Carolina Herrera,
Good Girl,Carolina Herrera,
Good Girl Blush,Carolina Herrera,
Good Girl Suprême,Carolina Herrera,
Herrera For Men,Carolina Herrera,
Nightfall Patchouli,Carolina Herrera,
Oud Couture,Carolina Herrera,
Saffron Lazuli,Carolina Herrera,
Very Good Girl,Carolina Herrera,
Very Good Girl Glam,Carolina Herrera,
Baiser Volé,Cartier,
Carat,Cartier,
Déclaration,Cartier,
Déclaration d'Un Soir,Cartier,
Déclaration Essence,Cartier,
Eau de Cartier,Cartier,
Eau de Cartier Concentree,Cartier,
L'Envol de Cartier,Cartier,
L'Heure Brillante,Cartier,
L'Heure Diaphane,Cartier,
L'Heure Fougueuse,Cartier,
L'Heure Mysterieuse,Cartier,
L'Heure Promise,Cartier,
La Panthère,Cartier,
La Panthère Parfum,Cartier,
Must de Cartier,Cartier,
Oud & Musc,Cartier,
Oud & Oud,Cartier,
Oud & Santal,Cartier,
Pasha de Cartier,Cartier,
Pasha de Cartier Parfum,Cartier,
Rivieres de Cartier Allegresse,Cartier,
Rivieres de Cartier Insouciance,Cartier,
Rivieres de Cartier Luxuriance,Cartier,
Roadster,Cartier,
So Pretty,Cartier,
Allure,Chanel,
Allure Homme,Chanel,
Allure Homme Sport,Chanel,
Allure Homme Sport Eau Extreme,Chanel,
Allure Sensuelle,Chanel,
Antaeus,Chanel,
Beige,Chanel,
Bel Respiro,Chanel,
Bleu de Chanel,Chanel,2010
Bleu de Chanel Eau de Parfum,Chanel,
Bleu de Chanel Parfum,Chanel,
Bois des Iles,Chanel,
Chance,Chanel,
Chance Eau Fraîche,Chanel,
Chance Eau Tendre,Chanel,
Chance Eau Vive,Chanel,
Chanel Chance,Chanel,
Chanel No. 18,Chanel,
Chanel No. 19,Chanel,1971
Chanel No. 22,Chanel,
Chanel No. 5,Chanel,1921
Coco,Chanel,
Coco Mademoiselle,Chanel,
Coco Mademoiselle Intense,Chanel,
Coco Noir,Chanel,
Coromandel,Chanel,
Cristalle,Chanel,
Cuir de Russie,Chanel,
Egoiste,Chanel,
Gabrielle Chanel,Chanel,
Gabrielle Chanel Essence,Chanel,
Gardenia,Chanel,
La Pausa,Chanel,
Misia,Chanel,
Paris-Biarritz,Chanel,
Paris-Deauville,Chanel,
Paris-Paris,Chanel,
Paris-Riviera,Chanel,
Paris-Venise,Chanel,
Paris-Édimbourg,Chanel,
Pour Monsieur,Chanel,
Sycomore,Chanel,
Égoïste Platinum,Chanel,
Amber Malaki,Chopard,
Black Incense Malaki,Chopard,
Casmir,Chopard,
Happy Chopard Bigaradia,Chopard,
Happy Chopard Felicia Roses,Chopard,
Happy Chopard Lemon Dulci,Chopard,
Happy Spirit,Chopard,
Magnolia au Vetiver d'Haiti,Chopard,
Miel d'Arabie,Chopard,
Musk Malaki,Chopard,
Orange Mauresque,Chopard,
Oud Malaki,Chopard,
Patchouli de Sumatra,Chopard,
Rose Malaki,Chopard,
Rose Seljuke,Chopard,
Vanille de Madagascar,Chopard,
Vetiver d'Haiti au Thé Vert,Chopard,
Wish,Chopard,
Ambre Nuit,Christian Dior,
Bois d'Argent,Christian Dior,
Dior Homme,Christian Dior,
Dior Homme Intense,Christian Dior,
Dior Homme Sport,Christian Dior,
Diorama,Christian Dior,
Diorella,Christian Dior,
Dioressence,Christian Dior,
Diorissimo,Christian Dior,
Diorling,Christian Dior,
Dolce Vita,Christian Dior,
Dune,Christian Dior,
Eau Noire,Christian Dior,
Eau Sauvage,Christian Dior,
Fahrenheit,Christian Dior,
Fahrenheit Le Parfum,Christian Dior,
Fève Délicieuse,Christian Dior,
Gris Dior,Christian Dior,
Higher,Christian Dior,
Holy Peony,Christian Dior,
Hypnotic Poison,Christian Dior,
J'Adore,Christian Dior,
J'adore Infinissime,Christian Dior,
J'adore L'Or,Christian Dior,
La Colle Noire,Christian Dior,
Lucky,Christian Dior,
Midnight Poison,Christian Dior,
Miss Dior,Christian Dior,1947
Miss Dior Absolutely Blooming,Christian Dior,
Miss Dior Blooming Bouquet,Christian Dior,
Miss Dior Chérie,Christian Dior,
Miss Dior Rose N'Roses,Christian Dior,
New Look 1947,Christian Dior,
Oud Ispahan,Christian Dior,
Poison,Christian Dior,1985
Poison Girl,Christian Dior,2016
Pure Poison,Christian Dior,
Rouge Trafalgar,Christian Dior,
Sauvage,Christian Dior,
Sauvage Elixir,Christian Dior,
Spice Blend,Christian Dior,
Tobacolor,Christian Dior,
Vanilla Diorama,Christian Dior,
Acqua Neroli,Clean Reserve,
Aqua Neroli,Clean Reserve,
Blonde Rose,Clean Reserve,
Citron Fig,Clean Reserve,
H2Eau Brilliant Peony,Clean Reserve,
H2Eau Waterfall,Clean Reserve,
Lush Fleur,Clean Reserve,
Radiant Nectar,Clean Reserve,
Rain,Clean Reserve,
Reserve Rain,Clean Reserve,
Reserve Skin,Clean Reserve,
Reserve Warm Cotton,Clean Reserve,
Sel Santal,Clean Reserve,
Shower Fresh,Clean Reserve,
Skin,Clean Reserve,
Solar Bloom,Clean Reserve,
Sueded Oud,Clean Reserve,
Warm Cotton,Clean Reserve,
Aromatics Elixir,Clinique,
Aromatics in Black,Clinique,
Aromatics in Black Cherry,Clinique,
Aromatics in White,Clinique,
Calix,Clinique,
Cocoa & Cashmere,Clinique,
Happy,Clinique,1997
Happy for Men,Clinique,
Happy Heart,Clinique,
Happy in Bloom,Clinique,
My Happy Blue Sky Neroli,Clinique,
My Happy Cocoa & Cashmere,Clinique,
My Happy Cookies & Kisses,Clinique,
My Happy Indigo Mist,Clinique,
My Happy Lily of the Beach,Clinique,
My Happy Peony Picnic,Clinique,
Simply,Clinique,
Wrappings,Clinique,
1872 for Men,Clive Christian,
1872 for Women,Clive Christian,
Blonde Amber,Clive Christian,
C for Men,Clive Christian,
C for Women,Clive Christian,
Crab Apple Blossom,Clive Christian,
Jump Up and Kiss Me Hedonistic,Clive Christian,
Matsukita,Clive Christian,
No. 1,Clive Christian,
Noble XXI Art Deco Amberwood,Clive Christian,
Noble XXI Cypress,Clive Christian,
Noble XXI Vanilla Orchid,Clive Christian,
Private Collection E Gourmande Oriental,Clive Christian,
Private Collection L Floral Chypre,Clive Christian,
Rock Rose,Clive Christian,
Town & Country,Clive Christian,
V for Men,Clive Christian,
V for Women,Clive Christian,
X for Men,Clive Christian,
X for Women,Clive Christian,
2 Man,Comme des Garçons,
Amazingreen,Comme des Garçons,
Avignon,Comme des Garçons,
Blackpepper,Comme des Garçons,
Blue Cedrat,Comme des Garçons,
Blue Encens,Comme des Garçons,
Blue Santal,Comme des Garçons,
Comme des Garçons 2,Comme des Garçons,
Comme des Garçons 2 Woman,Comme des Garçons,
Concrete,Comme des Garçons,
Copper,Comme des Garçons,
Dot,Comme des Garçons,
Dry Clean,Comme des Garçons,
Floriental,Comme des Garçons,
Ganja,Comme des Garçons,
Garage,Comme des Garçons,
Hinoki,Comme des Garçons,
Jaisalmer,Comme des Garçons,
Kyoto,Comme des Garçons,
Monocle Scent One Hinoki,Comme des Garçons,
Monocle Scent Three Sugi,Comme des Garçons,
Monocle Scent Two Laurel,Comme des Garçons,
Odeur 53,Comme des Garçons,
Odeur 71,Comme des Garçons,
Ouarzazate,Comme des Garçons,
Palais Jamais,Comme des Garçons,
Rouge,Comme des Garçons,
Soda,Comme des Garçons,
Tar,Comme des Garçons,
Wonderwood,Comme des Garçons,
Zagorsk,Comme des Garçons,
Zero,Comme des Garçons,
Bergamot,Commodity,
Bois,Commodity,
Book,Commodity,
Gin,Commodity,
Gold,Commodity,
Gold Bold,Commodity,
Juice,Commodity,
Leather,Commodity,
Magnolia,Commodity,
Milk,Commodity,
Milk Expressive,Commodity,
Mimosa,Commodity,
Moss,Commodity,
Nectar,Commodity,
Orris,Commodity,
Paper,Commodity,
Paper Personal,Commodity,
Rain,Commodity,
Tonka,Commodity,
Velvet,Commodity,
Vetiver,Commodity,
Whiskey,Commodity,
Wool,Commodity,
Ambre Antique,Coty,1905
BOSS ALIVE,Coty,2020
Cordon Vert by Coty,Coty,1905
Emeraude by Coty,Coty,1921
Jasmin de Corse,Coty,1906
L'Origan by Coty,Coty,1905
La Rose Jacqueminot,Coty,1904
Le Chypre de Coty,Coty,1917
Pink Sparkle,Coty,
Navy,CoverGirl,
Absolu Aventus,Creed,
Acqua Fiorentina,Creed,2012
Aventus,Creed,2010
Aventus Cologne,Creed,
Aventus for Her,Creed,
Bois du Portugal,Creed,
Carmina,Creed,
Centaurus,Creed,
Delphinus,Creed,
Erolfa,Creed,
Fleurissimo,Creed,
Green Irish Tweed,Creed,
Himalaya,Creed,
Jardin d'Amalfi,Creed,2011
Love in Black,Creed,
Love in White,Creed,
Millésime Impérial,Creed,
Neroli Sauvage,Creed,
Original Santal,Creed,
Original Vetiver,Creed,
Queen of Silk,Creed,
Royal Oud,Creed,
Royal Princess Oud,Creed,
Silver Mountain Water,Creed,
Spring Flower,Creed,
Viking,Creed,
Viking Cologne,Creed,
Virgin Island Water,Creed,
Wind Flowers,Creed,
Black Flower Mexican Vanilla,Dame Perfumery,2014
Tabu by Dana,Dana,
Adventure,Davidoff,
Agar Blend,Davidoff,
Amber Blend,Davidoff,
Champion,Davidoff,
Champion Energy,Davidoff,
Cool Water,Davidoff,
Cool Water Intense,Davidoff,
Cool Water Reborn,Davidoff,
Cool Water Sea Rose,Davidoff,
Cool Water Woman,Davidoff,
Echo,Davidoff,
Good Life,Davidoff,
Horizon,Davidoff,
Hot Water,Davidoff,
Leather Blend,Davidoff,
Relax,Davidoff,
Run Wild,Davidoff,
Run Wild Woman,Davidoff,
Silver Shadow,Davidoff,
The Game,Davidoff,
The Game Intense,Davidoff,
Zino,Davidoff,
Blonde,DedCool,
Fragrance 01 Taunt,DedCool,
Fragrance 02,DedCool,
Fragrance 03 Blonde,DedCool,
Fragrance 04,DedCool,
Madonna Lily,DedCool,
Milk,DedCool,
Mochi Milk,DedCool,
Red Dakota,DedCool,
Rocco Mint,DedCool,
Smiley Face Garden,DedCool,
Sunlit Blooms,DedCool,
Sunlit Blooms Type 03,DedCool,
Taunt,DedCool,
Xtra Milk,DedCool,
This is Not a Pipe,Demeter Fragrance Library,1998
34 Boulevard Saint Germain,Diptyque,
Benjoin Bohème,Diptyque,
Do Son,Diptyque,
Eau Capitale,Diptyque,
Eau de Minthé,Diptyque,
Eau des Sens,Diptyque,
Eau Duelle,Diptyque,
Eau Moheli,Diptyque,
Eau Nabati,Diptyque,
Eau Rihla,Diptyque,
Eau Rose,Diptyque,
Fleur de Peau,Diptyque,
Geranium Odorata,Diptyque,
Ilio,Diptyque,
L'Eau Papier,Diptyque,
L'Ombre dans L'Eau,Diptyque,
Olene,Diptyque,
Orphéon,Diptyque,
Oud Palao,Diptyque,
Oyédo,Diptyque,
Philosykos,Diptyque,
Tam Dao,Diptyque,
Tempo,Diptyque,
Vetyverio,Diptyque,
Volutes,Diptyque,
Devotion,Dolce & Gabbana,
Dolce,Dolce & Gabbana,
Dolce Garden,Dolce & Gabbana,
Dolce Lily,Dolce & Gabbana,
Dolce Rose,Dolce & Gabbana,
Dolce Shine,Dolce & Gabbana,
Intenso,Dolce & Gabbana,
K by Dolce & Gabbana,Dolce & Gabbana,
K by Dolce & Gabbana Eau de Parfum,Dolce & Gabbana,
L'Imperatrice,Dolce & Gabbana,
Light Blue,Dolce & Gabbana,
Light Blue Eau Intense,Dolce & Gabbana,
Light Blue Forever,Dolce & Gabbana,
Light Blue Italian Love,Dolce & Gabbana,
Light Blue Pour Homme,Dolce & Gabbana,
Light Blue Summer Vibes,Dolce & Gabbana,
Pour Femme,Dolce & Gabbana,
Pour Homme,Dolce & Gabbana,
Q by Dolce & Gabbana,Dolce & Gabbana,
The One,Dolce & Gabbana,
The One for Men,Dolce & Gabbana,
The One Gold,Dolce & Gabbana,
The Only One,Dolce & Gabbana,
The Only One 2,Dolce & Gabbana,
Velvet Amber Sun,Dolce & Gabbana,
Velvet Desert Oud,Dolce & Gabbana,
Velvet Incenso,Dolce & Gabbana,
Velvet Rose,Dolce & Gabbana,
Amber Kiso,DS & Durga,
Bistro Waters,DS & Durga,
Bowmakers,DS & Durga,
Burning Barbershop,DS & Durga,
Coriander,DS & Durga,
Cowboy Grass,DS & Durga,
D.S.,DS & Durga,
Debaser,DS & Durga,
Deep Dark Vanilla,DS & Durga,
Durga,DS & Durga,
El Cosmico,DS & Durga,
Grapefruit Generation,DS & Durga,
I Don't Know What,DS & Durga,
Italian Citrus,DS & Durga,
Jazmín Yucatan,DS & Durga,
Mississippi Medicine,DS & Durga,
Notorious Oud,DS & Durga,
Pistachio,DS & Durga,
Radio Bombay,DS & Durga,
Rockaway Beach,DS & Durga,
Rose Atlantic,DS & Durga,
St. Vetyver,DS & Durga,
Steamed Rainbow,DS & Durga,
Sweet Do Nothing,DS & Durga,
Vio-Volta,DS & Durga,
White Peacock Lily,DS & Durga,
5th Avenue,Elizabeth Arden,
5th Avenue After Five,Elizabeth Arden,
5th Avenue NYC,Elizabeth Arden,
5th Avenue Style,Elizabeth Arden,
Always Red,Elizabeth Arden,
Ardenbeauty,Elizabeth Arden,
Blue Grass,Elizabeth Arden,
Green Tea,Elizabeth Arden,
Green Tea Cherry Blossom,Elizabeth Arden,
Green Tea Fig,Elizabeth Arden,
Green Tea Lavender,Elizabeth Arden,
Green Tea Lotus,Elizabeth Arden,
Green Tea Mimosa,Elizabeth Arden,
Green Tea Nectarine Blossom,Elizabeth Arden,
Mediterranean,Elizabeth Arden,
My Fifth Avenue,Elizabeth Arden,
Pretty,Elizabeth Arden,
Provocative Woman,Elizabeth Arden,
Red Door,Elizabeth Arden,
Red Door Revealed,Elizabeth Arden,
Splendor,Elizabeth Arden,
Sunflowers,Elizabeth Arden,
True Love,Elizabeth Arden,
Untold,Elizabeth Arden,
White Tea,Elizabeth Arden,
White Tea Ginger Lily,Elizabeth Arden,
White Tea Mandarin Blossom,Elizabeth Arden,
White Tea Vanilla Orchid,Elizabeth Arden,
White Tea Wild Rose,Elizabeth Arden,
Curious,"Elizabeth Arden, Inc.",
Forever,"Elizabeth Arden, Inc.",
White Diamonds,Elizabeth Taylor,1991
Apple Love,Ellis Brooklyn,
Après,Ellis Brooklyn,
Bee,Ellis Brooklyn,
Dear Sky,Ellis Brooklyn,
Fawn,Ellis Brooklyn,
Fawn Eau de Parfum,Ellis Brooklyn,
Florist,Ellis Brooklyn,
Miami Nectar,Ellis Brooklyn,
Myth,Ellis Brooklyn,
Raven,Ellis Brooklyn,
Rives,Ellis Brooklyn,
Rrose,Ellis Brooklyn,
Salt,Ellis Brooklyn,
Sci Fi,Ellis Brooklyn,
Sun Fruit,Ellis Brooklyn,
Sweet,Ellis Brooklyn,
Vanilla Milk,Ellis Brooklyn,
West,Ellis Brooklyn,
Blueberry Jam,Enrico Buccella,2025
Agua del Sol,Escada,
Born in Paradise,Escada,
Brisa Cubana,Escada,
Celebrate N.O.W.,Escada,
Cherry in the Air,Escada,
Desire Me,Escada,
Especially Escada,Escada,
Especially Escada Elixir,Escada,
Fiesta Carioca,Escada,
Flor del Sol,Escada,
Incredible Me,Escada,
Island Kiss,Escada,
Joyful,Escada,
Magnetism,Escada,
Miami Blossom,Escada,
Rockin' Rio,Escada,
Santorini Sunrise,Escada,
Sentiment,Escada,
Sexy Graffiti,Escada,
Sorbetto Rosso,Escada,
Summer Festival,Escada,
Taj Sunset,Escada,
Turquoise Summer,Escada,
Escentric 01,Escentric Molecules,
Escentric 02,Escentric Molecules,
Escentric 03,Escentric Molecules,
Escentric 04,Escentric Molecules,
Escentric 05,Escentric Molecules,
Molecule 01,Escentric Molecules,
Molecule 01 + Black Tea,Escentric Molecules,
Molecule 01 + Ginger,Escentric Molecules,
Molecule 01 + Guaiac Wood,Escentric Molecules,
Molecule 01 + Iris,Escentric Molecules,
Molecule 01 + Mandarin,Escentric Molecules,
Molecule 01 + Patchouli,Escentric Molecules,
Molecule 02,Escentric Molecules,
Molecule 03,Escentric Molecules,2010
Molecule 04,Escentric Molecules,
Molecule 05,Escentric Molecules,
Bergamote Calabria,Essential Parfums,
Bois Impérial,Essential Parfums,
Bois Impérial Extrait,Essential Parfums,
Divine Vanille,Essential Parfums,
Fig Infusion,Essential Parfums,
Mon Vetiver,Essential Parfums,
Neroli Botanica,Essential Parfums,
Nice Bergamote,Essential Parfums,
Orange X Santal,Essential Parfums,
Patchouli Mania,Essential Parfums,
Rose Magnetic,Essential Parfums,
The Musc,Essential Parfums,
Azuree,Estée Lauder,
Azurée,Estée Lauder,
Beautiful,Estée Lauder,
Beautiful Belle,Estée Lauder,
Beautiful Magnolia,Estée Lauder,
Beyond Paradise,Estée Lauder,
Blushing Sands,Estée Lauder,
Bronze Goddess,Estée Lauder,
Bronze Goddess Eau Fraîche,Estée Lauder,
Cinnabar,Estée Lauder,
Desert Eden,Estée Lauder,
Dream Dusk,Estée Lauder,
Infinite Sky,Estée Lauder,
Knowing,Estée Lauder,
Modern Muse,Estée Lauder,
Modern Muse Le Rouge,Estée Lauder,
Paradise Moon,Estée Lauder,
Pleasures,Estée Lauder,
Pleasures Intense,Estée Lauder,
Private Collection,Estée Lauder,
Private Collection Tuberose Gardenia,Estée Lauder,
Radiant Mirage,Estée Lauder,
Sensuous,Estée Lauder,
Sensuous Noir,Estée Lauder,
Sensuous Nude,Estée Lauder,
Spellbound,Estée Lauder,
Tender Light,Estée Lauder,
White Linen,Estée Lauder,
Youth-Dew,Estée Lauder,
500 Years,Etat Libre d'Orange,
Archives 69,Etat Libre d'Orange,
Attaquer le Soleil Marquis de Sade,Etat Libre d'Orange,
Cologne,Etat Libre d'Orange,
Divin'Enfant,Etat Libre d'Orange,
Eau de Protection,Etat Libre d'Orange,
Exit the King,Etat Libre d'Orange,
Fat Electrician,Etat Libre d'Orange,
Frustration,Etat Libre d'Orange,
Hermann A Mes Côtés Me Paraissait Une Ombre,Etat Libre d'Orange,
I Am Trash,Etat Libre d'Orange,
Jasmin et Cigarette,Etat Libre d'Orange,
La Fin du Monde,Etat Libre d'Orange,
Like This,Etat Libre d'Orange,
Noel au Balcon,Etat Libre d'Orange,
Putain des Palaces,Etat Libre d'Orange,
Remarkable People,Etat Libre d'Orange,
Rien,Etat Libre d'Orange,
Rien Intense Incense,Etat Libre d'Orange,
Secretions Magnifiques,Etat Libre d'Orange,
She Was An Anomaly,Etat Libre d'Orange,
Soul of My Soul,Etat Libre d'Orange,
Spice Must Flow,Etat Libre d'Orange,
The Ghost in the Shell,Etat Libre d'Orange,
Tom of Finland,Etat Libre d'Orange,
You or Someone Like You,Etat Libre d'Orange,
Luciano Pavarotti,Eurocosmesi,1994
Brut,Fabergé,
Cascadia,Firn Handcrafted,
1962,Floris,
1976,Floris,
A Rose For...,Floris,
Bergamotto di Positano,Floris,
Cefiro,Floris,
Cherry Blossom,Floris,
Chypress,Floris,
Edwardian Bouquet,Floris,
Elite,Floris,
Honey Oud,Floris,
Jermyn Street,Floris,
Leather Oud,Floris,
Lily of the Valley,Floris,
Mulberry Fig,Floris,
Neroli Voyage,Floris,
No. 89,Floris,
Platinum 22,Floris,
Santal,Floris,
Sirena,Floris,
White Rose,Floris,
Angel's Dust,Francesca Bianchi,
Byzantine Amber,Francesca Bianchi,
Encounters,Francesca Bianchi,
Etruscan Water,Francesca Bianchi,
Libertine Neroli,Francesca Bianchi,
Lost in Heaven,Francesca Bianchi,
Sex and the Sea,Francesca Bianchi,
Sex and the Sea Neroli,Francesca Bianchi,
Sticky Fingers,Francesca Bianchi,
The Black Knight,Francesca Bianchi,
The Dark Side,Francesca Bianchi,
The Lover's Tale,Francesca Bianchi,
Tyger Tyger,Francesca Bianchi,
Under My Skin,Francesca Bianchi,
Unspoken Musk,Francesca Bianchi,
1270,Frapin,
Attendre & Espérer,Frapin,
Bois Blanc,Frapin,
Caravelle Epicée,Frapin,
Checkmate,Frapin,
IF by R.K.,Frapin,
Isle of Man,Frapin,
L'Humaniste,Frapin,
Nevermore,Frapin,
Paradis Perdu,Frapin,
Passion Boisée,Frapin,
Speakeasy,Frapin,
Terre de Sarment,Frapin,
The Orchid Man,Frapin,
Bigarade Concentrée,Frédéric Malle,
Carnal Flower,Frédéric Malle,
Cologne Bigarade,Frédéric Malle,
Dans Tes Bras,Frédéric Malle,
Dawn,Frédéric Malle,
Dries Van Noten par Frédéric Malle,Frédéric Malle,
Eau de Magnolia,Frédéric Malle,
En Passant,Frédéric Malle,
French Lover,Frédéric Malle,
Geranium Pour Monsieur,Frédéric Malle,
Heaven Can Wait,Frédéric Malle,
Hope,Frédéric Malle,
Iris Poudre,Frédéric Malle,
L'Eau d'Hiver,Frédéric Malle,
Lipstick Rose,Frédéric Malle,
Lys Mediterranee,Frédéric Malle,
Monsieur,Frédéric Malle,
Musc Ravageur,Frédéric Malle,
Music For a While,Frédéric Malle,
Noir Epices,Frédéric Malle,
Outrageous,Frédéric Malle,
Portrait of a Lady,Frédéric Malle,
Promise,Frédéric Malle,
Rose & Cuir,Frédéric Malle,
Synthetic Jungle,Frédéric Malle,
The Night,Frédéric Malle,
Uncut Gem,Frédéric Malle,
Une Rose,Frédéric Malle,
Vetiver Extraordinaire,Frédéric Malle,
Solar Canopy,Future Society,
Lampblack,FZOTIC,2013
Bianco Latte,Giardini di Toscana,2023
Acqua di Gioia,Giorgio Armani,
Acqua di Gioia Jasmine,Giorgio Armani,
Acqua di Gioia Ocean,Giorgio Armani,
Acqua di Gioia Sky,Giorgio Armani,
Acqua di Giò,Giorgio Armani,
Acqua di Giò Parfum,Giorgio Armani,
Acqua di Giò Profondo,Giorgio Armani,
Acqua di Giò Profumo,Giorgio Armani,
Armani Mania,Giorgio Armani,
Because It's You,Giorgio Armani,
Code,Giorgio Armani,
Code Absolu,Giorgio Armani,
Code Parfum,Giorgio Armani,
Code Profumo,Giorgio Armani,
Emporio Armani He,Giorgio Armani,
Emporio Armani She,Giorgio Armani,
In Love With You,Giorgio Armani,
My Way,Giorgio Armani,
My Way Floral,Giorgio Armani,
My Way Intense,Giorgio Armani,
My Way Nectar,Giorgio Armani,
Privé Ambre Eccentrico,Giorgio Armani,
Privé Bleu Turquoise,Giorgio Armani,
Privé Musc Shamal,Giorgio Armani,
Privé Oud Royal,Giorgio Armani,
Privé Rose d'Arabie,Giorgio Armani,
Privé Rouge Malachite,Giorgio Armani,
Privé Thé Yulong,Giorgio Armani,
Privé Vert Malachite,Giorgio Armani,
Stronger With You,Giorgio Armani,
Stronger With You Absolutely,Giorgio Armani,
Stronger With You Intensely,Giorgio Armani,
Sì,Giorgio Armani,
Sì Fiori,Giorgio Armani,
Sì Intense,Giorgio Armani,
Sì Passione,Giorgio Armani,
Giorgio Beverly Hills,Giorgio Beverly Hills,1981
Heat,Givaudan S.A.,
Amarige,Givenchy,
Ange ou Démon,Givenchy,
Dahlia Divin,Givenchy,
Dahlia Noir,Givenchy,
Eaudemoiselle de Givenchy,Givenchy,
Gentleman Givenchy,Givenchy,
Gentleman Givenchy Boisee,Givenchy,
Gentleman Givenchy Reserve Privee,Givenchy,
Hot Couture,Givenchy,
Insensé,Givenchy,
Irresistible Givenchy,Givenchy,
L'Interdit,Givenchy,
L'Interdit Intense,Givenchy,
L'Interdit Rouge,Givenchy,
Live Irresistible,Givenchy,
Organza,Givenchy,
Pi,Givenchy,
Very Irresistible,Givenchy,
Xeryus Rouge,Givenchy,
Ysatis,Givenchy,1984
Blue Cypress,Goldfield & Banks,
Bohemian Lime,Goldfield & Banks,
Desert Rosewood,Goldfield & Banks,
Ingenious Ginger,Goldfield & Banks,
Ingenious Ginger Extrait,Goldfield & Banks,
Island Lush,Goldfield & Banks,
Mystic Bliss,Goldfield & Banks,
Pacific Rock Moss,Goldfield & Banks,
Purple Suede,Goldfield & Banks,
Silky Woods,Goldfield & Banks,
Silky Woods Elixir,Goldfield & Banks,
Southern Bloom,Goldfield & Banks,
Sunset Hour,Goldfield & Banks,
Velvet Splendour,Goldfield & Banks,
White Sandalwood,Goldfield & Banks,
Wood Infusion,Goldfield & Banks,
Ambre Fétiche,Goutal,
Bois d'Hadrien,Goutal,
Ce Soir ou Jamais,Goutal,
Chat Perché,Goutal,
Duel,Goutal,
Eau d'Hadrien,Goutal,
Eau de Charlotte,Goutal,
Encens Flamboyant,Goutal,
Folavril,Goutal,
Grand Amour,Goutal,
Le Chèvrefeuille,Goutal,
Mandragore,Goutal,
Mandragore Pourpre,Goutal,
Myrrhe Ardente,Goutal,
Ninfeo Mio,Goutal,
Nuit Étoilée,Goutal,
Passion,Goutal,
Petite Chérie,Goutal,
Quel Amour!,Goutal,
Rose Pompon,Goutal,
Sables,Goutal,
Songes,Goutal,
Tenue de Soirée,Goutal,
Un Matin d'Orage,Goutal,
Because I'm Free,Gritti,2023
A Chant for the Nymph,Gucci,
Envy,Gucci,
Envy Me,Gucci,
Flora Gorgeous Gardenia,Gucci,
Flora Gorgeous Jasmine,Gucci,
Flora Gorgeous Magnolia,Gucci,
Gucci Bloom,Gucci,
Gucci Bloom Ambrosia di Fiori,Gucci,
Gucci Bloom Nettare di Fiori,Gucci,
Gucci Bloom Profumo di Fiori,Gucci,
Gucci by Gucci,Gucci,
Gucci Pour Homme II,Gucci,
Guilty Absolute,Gucci,
Guilty Black,Gucci,
Guilty Elixir de Parfum Pour Femme,Gucci,
Guilty Elixir de Parfum Pour Homme,Gucci,
Guilty Pour Femme,Gucci,
Guilty Pour Homme,Gucci,
Mémoire d'une Odeur,Gucci,
Rush,Gucci,
Rush 2,Gucci,
The Alchemist's Garden A Gloaming Night,Gucci,
The Alchemist's Garden Tears of Iris,Gucci,
The Alchemist's Garden The Last Day of Summer,Gucci,
The Alchemist's Garden Winter's Spring,Gucci,
The Voice of the Snake,Gucci,
Angelique Noire,Guerlain,
Aqua Allegoria Bergamote Calabria,Guerlain,
Aqua Allegoria Flora Salvaggia,Guerlain,
Aqua Allegoria Herba Fresca,Guerlain,
Aqua Allegoria Mandarine Basilic,Guerlain,
Aqua Allegoria Nerolia Vetiver,Guerlain,
Aqua Allegoria Pamplelune,Guerlain,
Aqua Allegoria Rosa Rossa,Guerlain,
Chamade,Guerlain,
Cuir Beluga,Guerlain,
Guerlain Homme,Guerlain,
Habit Rouge,Guerlain,
Heritage,Guerlain,
Insolence,Guerlain,
Jicky,Guerlain,
L'Heure Bleue,Guerlain,
L'Instant de Guerlain,Guerlain,
La Petite Robe Noire,Guerlain,
La Petite Robe Noire Black Perfecto,Guerlain,
Mitsouko,Guerlain,1919
Mon Guerlain,Guerlain,
Mon Guerlain Intense,Guerlain,
Musc Noble,Guerlain,
Nahema,Guerlain,
Neroli Outrenoir,Guerlain,
Rose Barbare,Guerlain,
Samsara,Guerlain,
Santal Royal,Guerlain,
Shalimar,Guerlain,
Shalimar Millésime Tonka,Guerlain,
Shalimar Souffle de Parfum,Guerlain,
Sous le vent,Guerlain,1933
Spiritueuse Double Vanille,Guerlain,
Tobacco Honey,Guerlain,2023
Tonka Imperiale,Guerlain,
Vetiver,Guerlain,
Vol de Nuit,Guerlain,
Épices Exquises,Guerlain,
Fidji,Guy Laroche,
24 Faubourg,Hermès,
Amazone,Hermès,
Ambre des Merveilles,Hermès,
Ambre Narguilé,Hermès,
Bel Ami,Hermès,
Calèche,Hermès,
Cuir d'Ange,Hermès,
Eau d'Hermès,Hermès,
Eau de Basilic Pourpre,Hermès,
Eau de Citron Noir,Hermès,
Eau de Mandarine Ambrée,Hermès,
Eau de Rhubarbe Écarlate,Hermès,
Eau des Merveilles,Hermès,
Elixir des Merveilles,Hermès,
Equipage,Hermès,
H24,Hermès,
H24 Herbes Vives,Hermès,
Iris Ukiyoé,Hermès,
Kelly Calèche,Hermès,
L'Ombre des Merveilles,Hermès,
Le Jardin de Monsieur Li,Hermès,
Osmanthe Yunnan,Hermès,
Poivre Samarcande,Hermès,
Rose Ikebana,Hermès,
Terre d'Hermès,Hermès,
Terre d'Hermès Eau Givrée,Hermès,
Terre d'Hermès Eau Intense Vetiver,Hermès,
Terre d'Hermès Parfum,Hermès,
Twilly d'Hermès,Hermès,
Twilly d'Hermès Eau Poivrée,Hermès,
Un Jardin après la Mousson,Hermès,
Un Jardin en Méditerranée,Hermès,
Un Jardin sur la Lagune,Hermès,
Un Jardin sur le Nil,Hermès,
Voyage d'Hermès,Hermès,
Vétiver Tonka,Hermès,
With Love... Hilary Duff,Hilary Duff,2006
Bell'Antonio,Hilde Soliani,
Buonissimo,Hilde Soliani,
Chocolatl,Hilde Soliani,
Conaffetto,Hilde Soliani,
Crema di Latte,Hilde Soliani,
Donna Sentenza,Hilde Soliani,
Drink Caffe,Hilde Soliani,
Fraaagola Saalaaata,Hilde Soliani,
Hot Milk,Hilde Soliani,
Hot Sake,Hilde Soliani,
Il Tuo Tulipano,Hilde Soliani,
Orgasmo,Hilde Soliani,
Sipario,Hilde Soliani,
Sweet Parmesan Violet,Hilde Soliani,
Una Tira l'Altra,Hilde Soliani,
Vecchi Rossetti,Hilde Soliani,
Arbolé Arbolé,Hiram Green,
Arcadia,Hiram Green,
Dilettante,Hiram Green,
Hyde,Hiram Green,
Lustre,Hiram Green,
Moon Bloom,Hiram Green,
Philtre,Hiram Green,
Shangri La,Hiram Green,
Slowdive,Hiram Green,
Tryst,Hiram Green,
Vetiver,Hiram Green,
Vivacious,Hiram Green,
Voyage,Hiram Green,
1740 Marquis de Sade,Histoires de Parfums,
1804 George Sand,Histoires de Parfums,
1826 Eugénie de Montijo,Histoires de Parfums,
1876 Mata Hari,Histoires de Parfums,
1899 Hemingway,Histoires de Parfums,
1969 Parfum de Révolte,Histoires de Parfums,
7753 Unexpected Mona,Histoires de Parfums,
Ambre 114,Histoires de Parfums,
Fidelis,Histoires de Parfums,
Irreverent,Histoires de Parfums,
Noir Patchouli,Histoires de Parfums,
Outrecuidant,Histoires de Parfums,
Prolixe,Histoires de Parfums,
This Is Not a Blue Bottle 1.1,Histoires de Parfums,
This Is Not a Blue Bottle 1.2,Histoires de Parfums,
This Is Not a Blue Bottle 1.3,Histoires de Parfums,
This Is Not a Blue Bottle 1.4,Histoires de Parfums,
Tubéreuse 1 Capricieuse,Histoires de Parfums,
Tubéreuse 2 Virginale,Histoires de Parfums,
Tubéreuse 3 Animale,Histoires de Parfums,
Vici,Histoires de Parfums,
Boss Alive,Hugo Boss,
Boss Alive Intense,Hugo Boss,
Boss Bottled,Hugo Boss,
Boss Bottled Elixir,Hugo Boss,
Boss Bottled Infinite,Hugo Boss,
Boss Bottled Intense,Hugo Boss,
Boss Bottled Night,Hugo Boss,
Boss Bottled Oud,Hugo Boss,
Boss Bottled Tonic,Hugo Boss,
Boss In Motion,Hugo Boss,
Boss Jour Pour Femme,Hugo Boss,
Boss Ma Vie,Hugo Boss,
Boss Nuit Pour Femme,Hugo Boss,
Boss Orange,Hugo Boss,
Boss Orange Man,Hugo Boss,
Boss Selection,Hugo Boss,
Boss The Scent,Hugo Boss,
Boss The Scent Absolute,Hugo Boss,
Boss The Scent For Her,Hugo Boss,
Boss The Scent Le Parfum,Hugo Boss,
Boss The Scent Magnetic,Hugo Boss,
Hugo,Hugo Boss,
Hugo Deep Red,Hugo Boss,
Hugo Iced,Hugo Boss,
Hugo Man,Hugo Boss,
Hugo Reversed,Hugo Boss,
Hugo Woman,Hugo Boss,
Absolute Aphrodisiac,Initio Parfums Privés,
Addictive Vibration,Initio Parfums Privés,
Atomic Rose,Initio Parfums Privés,
Blessed Baraka,Initio Parfums Privés,
Divine Attraction,Initio Parfums Privés,
High Frequency,Initio Parfums Privés,
Magnetic Blend 1,Initio Parfums Privés,
Magnetic Blend 7,Initio Parfums Privés,
Magnetic Blend 8,Initio Parfums Privés,
Musk Therapy,Initio Parfums Privés,
Mystic Experience,Initio Parfums Privés,
Narcotic Delight,Initio Parfums Privés,
Oud for Greatness,Initio Parfums Privés,
Oud for Happiness,Initio Parfums Privés,
Paragon,Initio Parfums Privés,
Psychedelic Love,Initio Parfums Privés,
Rehab,Initio Parfums Privés,
Side Effect,Initio Parfums Privés,
A Drop d'Issey,Issey Miyake,
A Drop d'Issey Eau de Parfum Fraîche,Issey Miyake,
A Drop d'Issey Essentielle,Issey Miyake,
Fusion d'Issey,Issey Miyake,
L'eau d'Issey,Issey Miyake,
L'Eau d'Issey Pour Homme,Issey Miyake,
L'Eau d'Issey Pure,Issey Miyake,
L'Eau d'Issey Rose & Rose,Issey Miyake,
L'Eau Majeure d'Issey,Issey Miyake,
L'Eau Super Majeure d'Issey,Issey Miyake,
Le Sel d'Issey,Issey Miyake,
Nuit d'Issey,Issey Miyake,
Nuit d'Issey Polaris,Issey Miyake,
Pleats Please,Issey Miyake,
Agarwood,J-Scent,
Black Leather,J-Scent,
Hakka,J-Scent,
Hanamachi,J-Scent,
Hanamizake,J-Scent,
Hydrangea,J-Scent,
Koiame,J-Scent,
Paper Soap,J-Scent,
Rakugan,J-Scent,
Ramune,J-Scent,
Roasted Green Tea,J-Scent,
Santal,J-Scent,
Shaft of Light,J-Scent,
Sumo Wrestler,J-Scent,
Tender Peach,J-Scent,
Tsukishizuku,J-Scent,
Usubeni,J-Scent,
Wood Flake,J-Scent,
Yawahada,J-Scent,
Yuzu,J-Scent,
Joy,Jean Patou,
Classique,Jean Paul Gaultier,1993
Classique Essence de Parfum,Jean Paul Gaultier,
Classique Intense,Jean Paul Gaultier,
Fleur du Male,Jean Paul Gaultier,
Fragile,Jean Paul Gaultier,
Gaultier Divine,Jean Paul Gaultier,
Kokorico,Jean Paul Gaultier,
La Belle,Jean Paul Gaultier,
La Belle Le Parfum,Jean Paul Gaultier,
Le Beau,Jean Paul Gaultier,
Le Beau Le Parfum,Jean Paul Gaultier,
Le Male,Jean Paul Gaultier,1995
Le Male Le Parfum,Jean Paul Gaultier,
Scandal,Jean Paul Gaultier,
Scandal By Night,Jean Paul Gaultier,
Scandal Pour Homme,Jean Paul Gaultier,
So Scandal!,Jean Paul Gaultier,
Ultra Male,Jean Paul Gaultier,
Blue Glow,Jennifer Lopez,
Deseo,Jennifer Lopez,
Deseo Forever,Jennifer Lopez,
Enduring Glow,Jennifer Lopez,
Forever Glowing,Jennifer Lopez,
Glow by JLo,Jennifer Lopez,
Glowing by JLo,Jennifer Lopez,
JLove,Jennifer Lopez,
JLust,Jennifer Lopez,
L.A. Glow,Jennifer Lopez,
Limitless,Jennifer Lopez,
Live Jennifer Lopez,Jennifer Lopez,
Live Luxe,Jennifer Lopez,
Love and Glamour,Jennifer Lopez,
Love at First Glow,Jennifer Lopez,
Miami Glow,Jennifer Lopez,
My Glow,Jennifer Lopez,
One,Jennifer Lopez,
Promise,Jennifer Lopez,
Still Jennifer Lopez,Jennifer Lopez,
Sunkissed Glow,Jennifer Lopez,
154,Jo Malone London,
Blackberry & Bay,Jo Malone London,
Cypress & Grapevine,Jo Malone London,
Dark Amber & Ginger Lily,Jo Malone London,
Earl Grey & Cucumber,Jo Malone London,
English Pear & Freesia,Jo Malone London,
Fig & Lotus Flower,Jo Malone London,
Grapefruit,Jo Malone London,
Honeysuckle & Davana,Jo Malone London,
Jasmine Sambac & Marigold,Jo Malone London,
Lime Basil & Mandarin,Jo Malone London,
Mimosa & Cardamom,Jo Malone London,
Myrrh & Tonka,Jo Malone London,
Nectarine Blossom & Honey,Jo Malone London,
Orange Blossom,Jo Malone London,
Oud & Bergamot,Jo Malone London,
Peony & Blush Suede,Jo Malone London,
Pomegranate Noir,Jo Malone London,
Red Roses,Jo Malone London,
Scarlet Poppy,Jo Malone London,
Silver Birch & Lavender,Jo Malone London,
Velvet Rose & Oud,Jo Malone London,
Wild Bluebell,Jo Malone London,
Wood Sage & Sea Salt,Jo Malone London,
Ha Long Bay,Jovoy,2025
Another Oud,Juliette Has a Gun,
Anyway,Juliette Has a Gun,
Calamity J.,Juliette Has a Gun,
Citizen Queen,Juliette Has a Gun,
Ego Stratis,Juliette Has a Gun,
Gentlewoman,Juliette Has a Gun,
Into the Void,Juliette Has a Gun,
Lady Vengeance,Juliette Has a Gun,
Liquid Illusion,Juliette Has a Gun,
Lust for Sun,Juliette Has a Gun,
Mad Madame,Juliette Has a Gun,
Metal Chypre,Juliette Has a Gun,
Miss Charming,Juliette Has a Gun,
Mmmm...,Juliette Has a Gun,
Moscow Mule,Juliette Has a Gun,
Musc Invisible,Juliette Has a Gun,
Not a Perfume,Juliette Has a Gun,
Not a Perfume Superdose,Juliette Has a Gun,
Ode to Dullness,Juliette Has a Gun,
Oil Fiction,Juliette Has a Gun,
Pear Inc.,Juliette Has a Gun,
Romantina,Juliette Has a Gun,
Sunny Side Up,Juliette Has a Gun,
Vanilla Vibes,Juliette Has a Gun,
Killer Queen by Katy Perry,Katy Perry,
Meow,Katy Perry,
Purr,Katy Perry,
Capri in a Bottle Lemon Sugar 14,Kayali,
Citrus 08,Kayali,
Déjà Vu White Flower 57,Kayali,
Eden Juicy Apple 01,Kayali,
Eden Sparkling Lychee 39,Kayali,
Elixir 11,Kayali,
Invite Only Amber 23,Kayali,
Lovefest Burning Cherry 48,Kayali,
Marrakesh in a Bottle Orange Blossom 24,Kayali,
Maui in a Bottle Sweet Banana 37,Kayali,
Musk 12,Kayali,
Oudgasm Café Oud 19,Kayali,
Oudgasm Rose Oud 16,Kayali,
Oudgasm Tobacco Oud 04,Kayali,
Oudgasm Vanilla Oud 36,Kayali,
Sweet Diamond Pink Pepper 25,Kayali,
Utopia Vanilla Coco 21,Kayali,
Vanilla 28,Kayali,
Vanilla Candy Rock Sugar 42,Kayali,
Yum Pistachio Gelato 33,Kayali,
Flower by Kenzo,Kenzo,
Flower by Kenzo L'Absolue,Kenzo,
Flower by Kenzo Poppy Bouquet,Kenzo,
Kenzo Amour,Kenzo,
Kenzo Homme,Kenzo,
Kenzo Homme Eau de Parfum,Kenzo,
Kenzo Homme Marine,Kenzo,
Kenzo Jungle L'Éléphant,Kenzo,
Kenzo Jungle Le Tigre,Kenzo,
Kenzo World,Kenzo,
Kenzo World Power,Kenzo,
L'Eau Kenzo Pour Femme,Kenzo,
L'Eau Kenzo Pour Homme,Kenzo,
Madly Kenzo,Kenzo,
Parfum d'Été,Kenzo,
Totem Blue,Kenzo,
Totem Orange,Kenzo,
Totem Yellow,Kenzo,
Ça Sent Beau,Kenzo,
Original Musk,Kiehl's,
A Taste of Heaven,Kilian,
Angel's Share,Kilian,
Apple Brandy on the Rocks,Kilian,
Back to Black,Kilian,
Bamboo Harmony,Kilian,
Black Phantom,Kilian,
Blue Moon Ginger Dash,Kilian,
Can't Stop Loving You,Kilian,
Flower of Immortality,Kilian,
Good Girl Gone Bad,Kilian,
Incense Oud,Kilian,
Intoxicated,Kilian,
Liaisons Dangereuses,Kilian,
Light My Fire,Kilian,
Love Don't Be Shy,Kilian,
Moonlight in Heaven,Kilian,
Musk Oud,Kilian,
Playing with the Devil,Kilian,
Princess,Kilian,
Rolling in Love,Kilian,
Rose Oud,Kilian,
Roses on Ice,Kilian,
Sacred Wood,Kilian,
Smoking Hot,Kilian,
Straight to Heaven,Kilian,
Sweet Redemption,Kilian,
Vodka on the Rocks,Kilian,
Woman in Gold,Kilian,
Abyssae,L'Artisan Parfumeur,
Bois Farine,L'Artisan Parfumeur,
Caligna,L'Artisan Parfumeur,
Champ de Baies,L'Artisan Parfumeur,
Couleur Vanille,L'Artisan Parfumeur,
Dzing!,L'Artisan Parfumeur,
Dzongkha,L'Artisan Parfumeur,
Fou d'Absinthe,L'Artisan Parfumeur,
Histoire d'Orangers,L'Artisan Parfumeur,
La Chasse aux Papillons,L'Artisan Parfumeur,
Le Chant de Camargue,L'Artisan Parfumeur,
Mechant Loup,L'Artisan Parfumeur,
Mon Numéro 10,L'Artisan Parfumeur,
Mûre et Musc,L'Artisan Parfumeur,
Mûre et Musc Extrême,L'Artisan Parfumeur,
Nuit de Tubereuse,L'Artisan Parfumeur,
Passage d'Enfer,L'Artisan Parfumeur,
Premier Figuier,L'Artisan Parfumeur,
Safran Troublant,L'Artisan Parfumeur,
Soleil de Provence,L'Artisan Parfumeur,
Tea for Two,L'Artisan Parfumeur,
Timbuktu,L'Artisan Parfumeur,
Un Air de Bretagne,L'Artisan Parfumeur,
Voleur de Roses,L'Artisan Parfumeur,
À Fleur de Pêche,L'Artisan Parfumeur,
Lauren,L'Oréal,
Alambar,Laboratorio Olfattivo,
Alambar Extreme,Laboratorio Olfattivo,
Alkemi,Laboratorio Olfattivo,
Arancia Rossa,Laboratorio Olfattivo,
Bergamotto,Laboratorio Olfattivo,
Cozumel,Laboratorio Olfattivo,
Décou-Vert,Laboratorio Olfattivo,
ExpLOud,Laboratorio Olfattivo,
Kashnoir,Laboratorio Olfattivo,
Limone,Laboratorio Olfattivo,
Mandarino,Laboratorio Olfattivo,
MyLO,Laboratorio Olfattivo,
Need_U,Laboratorio Olfattivo,
Nerosa,Laboratorio Olfattivo,
Nerotic,Laboratorio Olfattivo,
Nirmal,Laboratorio Olfattivo,
Nun,Laboratorio Olfattivo,
Sacreste,Laboratorio Olfattivo,
Salina,Laboratorio Olfattivo,
Tonkade,Laboratorio Olfattivo,
Vanhera,Laboratorio Olfattivo,
Lady Gaga Fame,Lady Gaga,
Amethyst,Lalique,
Amethyst Éclat,Lalique,
Azalée,Lalique,
Encre Noire,Lalique,
Encre Noire Sport,Lalique,
Encre Noire À L'Extrême,Lalique,
Fleur de Cristal,Lalique,
Fruits du Mouvement,Lalique,
Hommage à l'Homme,Lalique,
Illusion Captive,Lalique,
L'Amour Lalique,Lalique,
Lalique Pour Homme Equus,Lalique,
Lalique Pour Homme Lion,Lalique,
Lalique White,Lalique,
Le Parfum,Lalique,
Living Lalique,Lalique,
Nilang,Lalique,
Or Intemporel,Lalique,
Perles de Lalique,Lalique,
Rose Royale,Lalique,
Rêve d'Infini,Lalique,
Satine,Lalique,
Soleil Lalique,Lalique,
Tendre Kiss,Lalique,
Terres Aromatiques,Lalique,
Épines de Rose,Lalique,
Climat,Lancôme,
Hypnôse,Lancôme,
Idôle,Lancôme,
Idôle Aura,Lancôme,
Idôle Intense,Lancôme,
La Nuit Trésor,Lancôme,
La Nuit Trésor Nude,Lancôme,
La Vie est belle,Lancôme,2012
La Vie Est Belle Intensément,Lancôme,
La Vie Est Belle Iris Absolu,Lancôme,
Magie Noire,Lancôme,
Magnifique,Lancôme,
Maison Lancôme Figues & Agrumes,Lancôme,
Maison Lancôme Jasmins Marzipane,Lancôme,
Maison Lancôme Lavandes Trianon,Lancôme,
Maison Lancôme Oud Bouquet,Lancôme,
Maison Lancôme Tubéreuses Castane,Lancôme,
Miracle,Lancôme,
Miracle Homme,Lancôme,
Poême,Lancôme,
Trésor,Lancôme,
Trésor In Love,Lancôme,
Trésor Midnight Rose,Lancôme,
Ô de Lancôme,Lancôme,
Ô Oui!,Lancôme,
Arpège,Lanvin,
Ajwad,Lattafa,
Al Noble Ameer,Lattafa,
Ameer Al Oudh Intense Oud,Lattafa,
Ana Abiyedh,Lattafa,
Ana Abiyedh Rouge,Lattafa,
Asad,Lattafa,
Asad Zanzibar,Lattafa,
Bade'e Al Oud Amethyst,Lattafa,
Bade'e Al Oud Honor & Glory,Lattafa,
Bade'e Al Oud Oud for Glory,Lattafa,
Ejaazi,Lattafa,
Fakhar Black,Lattafa,
Fakhar Rose,Lattafa,
Haya,Lattafa,
Khamrah,Lattafa,
Khamrah Qahwa,Lattafa,
Liam Blue Shine,Lattafa,
Liam Grey,Lattafa,
Mayar,Lattafa,
Mayar Natural Intense,Lattafa,
Nebras,Lattafa,
Opulent Dubai,Lattafa,2025
Oud Mood,Lattafa,
Raghba,Lattafa,
Raghba Wood Intense,Lattafa,
Sakeena,Lattafa,
Sheikh Al Shuyukh,Lattafa,
Velvet Oud,Lattafa,
Yara,Lattafa,
Yara Moi,Lattafa,
Yara Tous,Lattafa,
Aldehyde 44,Le Labo,
Ambrette 9,Le Labo,
Another 13,Le Labo,
Baie 19,Le Labo,
Bergamote 22,Le Labo,
Bigarade 18,Le Labo,
Citron 28,Le Labo,
Cuir 28,Le Labo,
Fleur d'Oranger 27,Le Labo,
Gaiac 10,Le Labo,
Iris 39,Le Labo,
Jasmin 17,Le Labo,
Labdanum 18,Le Labo,
Lavande 31,Le Labo,
Lys 41,Le Labo,
Mousse de Chene 30,Le Labo,
Musc 25,Le Labo,
Neroli 36,Le Labo,
Oud 27,Le Labo,
Patchouli 24,Le Labo,
Poivre 23,Le Labo,
Rose 31,Le Labo,
Santal 33,Le Labo,
Tabac 28,Le Labo,
Thé Matcha 26,Le Labo,
Thé Noir 29,Le Labo,
Tonka 25,Le Labo,
Vanille 44,Le Labo,
Vetiver 46,Le Labo,
Ylang 49,Le Labo,
Ame du Coeur,Liquides Imaginaires,
Bello Rabelo,Liquides Imaginaires,
Blanche Bête,Liquides Imaginaires,
Dom Rosa,Liquides Imaginaires,
Dom Rosa Millésime,Liquides Imaginaires,
Fleuve Tendre,Liquides Imaginaires,
Fortis,Liquides Imaginaires,
Ile Pourpre,Liquides Imaginaires,
Lunatique,Liquides Imaginaires,
Melancolia,Liquides Imaginaires,
Navis,Liquides Imaginaires,
Phantasma,Liquides Imaginaires,
Sancti,Liquides Imaginaires,
Sirenis,Liquides Imaginaires,
Succus,Liquides Imaginaires,
Tapis Volant,Liquides Imaginaires,
Tellus,Liquides Imaginaires,
Tumultu,Liquides Imaginaires,
Lolita Lempicka,Lolita Lempicka,
Akkad,Lubin,
Anna,Lubin,
Black Jade,Lubin,
Epidor,Lubin,
Eva,Lubin,
Figaro,Lubin,
Galaad,Lubin,
Gin Fizz,Lubin,
Grisette,Lubin,
Idole,Lubin,
Itasca,Lubin,
Kismet,Lubin,
Korrigan,Lubin,
Nuit de Longchamp,Lubin,
Princesses de Malabar,Lubin,
Upper Ten,Lubin,
Vetiris,Lubin,
American Cream,Lush,
Breath of God,Lush,
Cardamom Coffee,Lush,
Death and Decay,Lush,
Dirty,Lush,
Fresh As,Lush,
Goddess,Lush,
Grass,Lush,
Junk,Lush,
Karma,Lush,
Lord of Misrule,Lush,
Lust,Lush,
Orange Blossom,Lush,
Pansy,Lush,
Rentless,Lush,
Rose Jam,Lush,
Shade,Lush,
Sikkim Girls,Lush,
Smuggler's Soul,Lush,
Sun,Lush,
Tank Battle,Lush,
Turmeric Latte,Lush,
V,Lush,
Vanillary,Lush,
What Would Love Do?,Lush,
Marine Aqua,MAISON AMIIR,
Cuir InfraRouge,Maison Crivelli,2024
Safran Secret,Maison Crivelli,2022
724,Maison Francis Kurkdjian,
Absolue Pour le Soir,Maison Francis Kurkdjian,
Amyris Femme,Maison Francis Kurkdjian,
Amyris Homme,Maison Francis Kurkdjian,
APOM Femme,Maison Francis Kurkdjian,
APOM Homme,Maison Francis Kurkdjian,
Aqua Celestia,Maison Francis Kurkdjian,
Aqua Celestia Forte,Maison Francis Kurkdjian,
Aqua Media Cologne Forte,Maison Francis Kurkdjian,
Aqua Universalis,Maison Francis Kurkdjian,
Aqua Universalis Forte,Maison Francis Kurkdjian,
Aqua Vitae,Maison Francis Kurkdjian,
Aqua Vitae Forte,Maison Francis Kurkdjian,
Baccarat Rouge 540,Maison Francis Kurkdjian,
Baccarat Rouge 540 Extrait de Parfum,Maison Francis Kurkdjian,
Féminin Pluriel,Maison Francis Kurkdjian,
Gentle Fluidity Gold,Maison Francis Kurkdjian,
Gentle Fluidity Silver,Maison Francis Kurkdjian,
Grand Soir,Maison Francis Kurkdjian,
Kurky,Maison Francis Kurkdjian,
L'Homme À la rose,Maison Francis Kurkdjian,
Lumière Noire Femme,Maison Francis Kurkdjian,
Lumière Noire Homme,Maison Francis Kurkdjian,
Masculin Pluriel,Maison Francis Kurkdjian,
Oud,Maison Francis Kurkdjian,
Oud Cashmere Mood,Maison Francis Kurkdjian,
Oud Satin Mood,Maison Francis Kurkdjian,
Oud Silk Mood,Maison Francis Kurkdjian,
Petit Matin,Maison Francis Kurkdjian,
À la rose,Maison Francis Kurkdjian,
Replica Across Sands,Maison Margiela,
Replica At the Barber's,Maison Margiela,
Replica Autumn Vibes,Maison Margiela,
Replica Beach Walk,Maison Margiela,
Replica Bubble Bath,Maison Margiela,
Replica By the Fireplace,Maison Margiela,
Replica Coffee Break,Maison Margiela,
Replica Flower Market,Maison Margiela,
Replica From the Garden,Maison Margiela,
Replica Jazz Club,Maison Margiela,
Replica Lazy Sunday Morning,Maison Margiela,
Replica Lipstick On,Maison Margiela,
Replica Matcha Meditation,Maison Margiela,
Replica Music Festival,Maison Margiela,
Replica On a Date,Maison Margiela,
Replica Sailing Day,Maison Margiela,
Replica Springtime in a Park,Maison Margiela,
Replica Under the Lemon Trees,Maison Margiela,
Replica When the Rain Stops,Maison Margiela,
Replica Whispers in the Library,Maison Margiela,
Arashi No Umi,Maison Matine,
Avant l'Orage,Maison Matine,
Bain de Midi,Maison Matine,
Bain de Minuit,Maison Matine,
Esprit de Contradiction,Maison Matine,
Hasard Bazar,Maison Matine,
Into the Wild,Maison Matine,
Lost in Translation,Maison Matine,
Minus Cumulus,Maison Matine,
Nature Insolente,Maison Matine,
Poom Poom,Maison Matine,
Refresh,Maison Matine,
Tu Te Calmes,Maison Matine,
Warni Warni,Maison Matine,
Amore Caffe,Mancera,
Aoud Lemon Mint,Mancera,
Aoud Vanille,Mancera,
Black Gold,Mancera,
Black Vanilla,Mancera,
Cedrat Boise,Mancera,
Choco Violette,Mancera,
Coco Vanille,Mancera,
Cosmic Pepper,Mancera,
French Riviera,Mancera,
Gold Incense,Mancera,
Hindu Kush,Mancera,
Holidays,Mancera,
Instant Crush,Mancera,
Intense Cedrat Boise,Mancera,
Jardin Exclusif,Mancera,
Melody of the Sun,Mancera,
Red Tobacco,Mancera,
Roseaoud & Musc,Mancera,
Roses Vanille,Mancera,
Saharian Wind,Mancera,
Sicily,Mancera,
Silver Blue,Mancera,
Tonka Cola,Mancera,
Velvet Vanilla,Mancera,
Wild Python,Mancera,
Cucumber,Marc Jacobs,
Daisy,Marc Jacobs,2007
Daisy Dream,Marc Jacobs,
Daisy Eau So Fresh,Marc Jacobs,
Daisy Ever So Fresh,Marc Jacobs,
Daisy Love,Marc Jacobs,
Daisy Love Eau So Sweet,Marc Jacobs,
Daisy Wild,Marc Jacobs,
Decadence,Marc Jacobs,
Divine Decadence,Marc Jacobs,
Dot,Marc Jacobs,
Fig,Marc Jacobs,
Grass,Marc Jacobs,
Honey,Marc Jacobs,
Lola,Marc Jacobs,
Mod Noir,Marc Jacobs,
"Oh, Lola!",Marc Jacobs,
Perfect,Marc Jacobs,
Perfect Elixir,Marc Jacobs,
Perfect Intense,Marc Jacobs,
Rain,Marc Jacobs,
Splash Basil,Marc Jacobs,
Splash Cotton,Marc Jacobs,
Splash Pear,Marc Jacobs,
Ganymede,Marc-Antoine Barrois,2019
Belara,Mary Kay,
Bella Belara,Mary Kay,
Cityscape,Mary Kay,
Dance to Life,Mary Kay,
Domain,Mary Kay,
Elige,Mary Kay,
Forever Diamonds,Mary Kay,
High Intensity,Mary Kay,
Illuminea,Mary Kay,
Journey,Mary Kay,
Live Fearlessly,Mary Kay,
Simply Citrus,Mary Kay,
Simply Cotton,Mary Kay,
Sparkling Honeysuckle,Mary Kay,
Thinking of You,Mary Kay,
Tribute,Mary Kay,
True Original,Mary Kay,
Upbeat,Mary Kay,
Velocity,Mary Kay,
Warm Amber,Mary Kay,
Hemingway,Masque Milano,
Kintsugi,Masque Milano,
L'Attesa,Masque Milano,
Lost Alice,Masque Milano,
Love Kills,Masque Milano,
Luci ed Ombre,Masque Milano,
Madeleine,Masque Milano,
Mandala,Masque Milano,
Montecristo,Masque Milano,
Petra,Masque Milano,
Ray-Flection,Masque Milano,
Ribot,Masque Milano,
Romanza,Masque Milano,
Russian Tea,Masque Milano,
Sleight of Fern,Masque Milano,
Tango,Masque Milano,
Times Square,Masque Milano,
White Whale,Masque Milano,
Aldebaran,Matiere Premiere,
Bois d'Ebene,Matiere Premiere,
Cologne Cedrat,Matiere Premiere,
Crystal Saffron,Matiere Premiere,
Encens Suave,Matiere Premiere,
Falcon Leather,Matiere Premiere,
French Flower,Matiere Premiere,
Neroli Oranger,Matiere Premiere,
Parisian Musc,Matiere Premiere,
Parisian Musc Extrait,Matiere Premiere,
Radical Rose,Matiere Premiere,
Radical Rose Extrait,Matiere Premiere,
Santal Austral,Matiere Premiere,
Vanilla Powder,Matiere Premiere,
African Leather,Memo Paris,
Argentina,Memo Paris,
Corfu,Memo Paris,
Eau de Memo,Memo Paris,
Flam,Memo Paris,
French Leather,Memo Paris,
Granada,Memo Paris,
Iberian Leather,Memo Paris,
Ilha do Mel,Memo Paris,
Inlé,Memo Paris,
Irish Leather,Memo Paris,
Italian Leather,Memo Paris,
Kedu,Memo Paris,
Lalibela,Memo Paris,
Luxor Oud,Memo Paris,
Madurai,Memo Paris,
Marfa,Memo Paris,
Ocean Leather,Memo Paris,
Odéon,Memo Paris,2020
Oriental Leather,Memo Paris,
Russian Leather,Memo Paris,
Shams Oud,Memo Paris,
Sintra,Memo Paris,
Siwa,Memo Paris,
Tamarindo,Memo Paris,
Tiger's Nest,Memo Paris,
Winter Palace,Memo Paris,
Blousy,Miller Harris,
Brighton Rock,Miller Harris,
Celadon,Miller Harris,
Coeur de Jardin,Miller Harris,
Feuilles de Tabac,Miller Harris,
Hydra Figue,Miller Harris,
L'Air de Rien,Miller Harris,
La Fumée,Miller Harris,
Le Cèdre,Miller Harris,
Leather Rouge,Miller Harris,
Lumière Dorée,Miller Harris,
Myrica Muse,Miller Harris,
Oud Éclat,Miller Harris,
Peau Santal,Miller Harris,
Rose Silence,Miller Harris,
Rêverie de Bergamote,Miller Harris,
Scherzo,Miller Harris,
Secret Gardenia,Miller Harris,
Tea Tonique,Miller Harris,
Violet Ida,Miller Harris,
Wander Through the Parks,Miller Harris,
Étui Noir,Miller Harris,
Alma de Rosario,Mizensir,
Ambre Magique,Mizensir,
Blue Gin,Mizensir,
Bois de Mysore,Mizensir,
Celebes Wood,Mizensir,
Cologne de Figuier,Mizensir,
Eau de Gingembre,Mizensir,
For Your Love,Mizensir,
Golden Oud,Mizensir,
Ideal Oud,Mizensir,
Musc Eternel,Mizensir,
Perfect Oud,Mizensir,
Poudre d'Or,Mizensir,
Rose Exaltante,Mizensir,
Solar Blossom,Mizensir,
Sweet Praline,Mizensir,
Tres Chere Extrait,Mizensir,
Très Chère,Mizensir,
Habanita,Molinard,
Ambre,Mona di Orio,
Bohea Bohème,Mona di Orio,
Cuir,Mona di Orio,
Dojima,Mona di Orio,
Jabu,Mona di Orio,
Lux,Mona di Orio,
Musc,Mona di Orio,
Myrrh Casati,Mona di Orio,
Nuit Noire,Mona di Orio,
Oudh Osmanthus,Mona di Orio,
Santal Nabataea,Mona di Orio,
Suède de Suède,Mona di Orio,
Tubereuse,Mona di Orio,
Vanille,Mona di Orio,
Violette Fumée,Mona di Orio,
Aoud Forest,Montale,
Aoud Lagoon,Montale,
Aoud Leather,Montale,
Aoud Lime,Montale,
Arabians Tonka,Montale,
Black Aoud,Montale,
Blue Matcha,Montale,
Chocolate Greedy,Montale,
Crazy in Love,Montale,
Dark Purple,Montale,
Day Dreams,Montale,
Full Incense,Montale,
Herbal Aquatica,Montale,
Honey Aoud,Montale,
Infinity,Montale,
Intense Cafe,Montale,
Lucky Candy,Montale,
Mukhallat,Montale,
Oudmazing,Montale,
Patchouli Leaves,Montale,
Red Aoud,Montale,
Ristretto Intense Cafe,Montale,
Roses Musk,Montale,
Santal Wood,Montale,
Sensual Instinct,Montale,
Starry Nights,Montale,
Sweet Vanilla,Montale,
Vanilla Cake,Montale,
Wood & Spices,Montale,
A*Men,Mugler,
A*Men Kryptomint,Mugler,
A*Men Pure Havane,Mugler,
A*Men Pure Malt,Mugler,
Alien,Mugler,2005
Alien Eau de Parfum,Mugler,
Alien Eau de Toilette,Mugler,2009
Alien Eau Extraordinaire,Mugler,2014
Alien Essence Absolue,Mugler,2012
Alien Extraintense,Mugler,2025
Alien Flora Futura,Mugler,2018
Alien Fusion,Mugler,2019
Alien Goddess,Mugler,2021
Alien Goddess Eau de Parfum,Mugler,
Alien Goddess Intense,Mugler,2022
Alien Goddess Supra Florale,Mugler,2023
Alien Hypersense,Mugler,2024
Alien Man,Mugler,2018
Alien Man Fusion,Mugler,2019
Alien Man Mirage,Mugler,2020
Alien Mirage,Mugler,2020
Alien Musc Mysterieux,Mugler,2017
Alien Pulp,Mugler,2025
Angel,Mugler,1992
Angel Eau Croisière,Mugler,
Angel Eau de Parfum,Mugler,
Angel Elixir,Mugler,2023
Angel Fantasm,Mugler,2024
Angel Iced Star,Mugler,
Angel Muse,Mugler,2016
Angel Nova,Mugler,2020
Angel Nova Eau de Parfum,Mugler,
Angel Nova Eau de Toilette,Mugler,
Angel Stellar,Mugler,2025
Aura Mugler,Mugler,
Aura Mugler Sensuelle,Mugler,
Cologne Mugler,Mugler,
Come Together,Mugler,
Fly Away,Mugler,
Love You All,Mugler,
Mugler Show,Mugler,2013
Run Free,Mugler,
Take Me Out,Mugler,
Womanity,Mugler,
All of Me,Narciso Rodriguez,
For Her Eau de Parfum,Narciso Rodriguez,
For Her Eau de Toilette,Narciso Rodriguez,
For Her Musc Noir,Narciso Rodriguez,
For Her Musc Noir Rose,Narciso Rodriguez,
For Him Bleu Noir,Narciso Rodriguez,
For Him Bleu Noir Eau de Parfum,Narciso Rodriguez,
For Him Bleu Noir Parfum,Narciso Rodriguez,
For Him Musk Collection,Narciso Rodriguez,
Musc Noir For Her,Narciso Rodriguez,
Narciso Ambrée,Narciso Rodriguez,
Narciso Cristal,Narciso Rodriguez,
Narciso Eau de Parfum,Narciso Rodriguez,
Narciso Poudrée,Narciso Rodriguez,
Narciso Rodriguez For Her,Narciso Rodriguez,2003
Narciso Rouge,Narciso Rodriguez,
Pure Musc For Her,Narciso Rodriguez,
Biografia,Natura,
Ekos Açaí,Natura,
Ekos Castanha,Natura,
Ekos Frescor Cumaru,Natura,
Ekos Maracujá,Natura,
Ekos Pitanga,Natura,
Essencial,Natura,
Essencial Exclusivo,Natura,
Essencial Oud,Natura,
Essencial Supreme,Natura,
Homem,Natura,
Homem Cor.agio,Natura,
Homem Tato,Natura,
Humor,Natura,
Humor a Dois,Natura,
Humor Próprio,Natura,
Ilía,Natura,
Ilía Secreto,Natura,
Kaiak,Natura,
Kaiak Aero,Natura,
Kaiak Aventura,Natura,
Kaiak Oceano,Natura,
Kaiak Urbe,Natura,
Kriska,Natura,
Luna,Natura,
Luna Intenso,Natura,
Luna Radiante,Natura,
Meu Primeiro Humor,Natura,
Una,Natura,
Una Artisan,Natura,
Virtus,Navitus Parfums,2019
Zephyr,Neil Morris Fragrances,
Pear Jam,Nette,2024
Pink Friday,Nicki Minaj,
Patchouli Sublime,Nicolaï Parfumeur-Créateur,2017
Bella,Nina Ricci,
Capricci,Nina Ricci,
Farouche,Nina Ricci,
L'Air du Temps,Nina Ricci,
Les Belles de Nina Nina Pop,Nina Ricci,
Luna,Nina Ricci,
Mademoiselle Ricci,Nina Ricci,
NINA,Nina Ricci,
Nina Extra Rouge,Nina Ricci,
Nina Fleur,Nina Ricci,
Nina L'Eau,Nina Ricci,
Nina Rose,Nina Ricci,
Nina Rouge,Nina Ricci,
Nina Soleil,Nina Ricci,
Premier Jour,Nina Ricci,
Ricci Ricci,Nina Ricci,
Signoricci,Nina Ricci,
Afrika-Olifant,Nishane,
Ambra Calabria,Nishane,
Ani,Nishane,
Ani X,Nishane,
B-612,Nishane,
Colognisé,Nishane,
Ege,Nishane,
Fan Your Flames,Nishane,
Hacivat,Nishane,
Hacivat X,Nishane,
Hundred Silent Ways,Nishane,
Karagoz,Nishane,
Kredo,Nishane,
Mana,Nishane,
Munegu,Nishane,
Muskane,Nishane,
Nanshe,Nishane,
Papilefiko,Nishane,
Safran Colognisé,Nishane,
Shems,Nishane,
Suede et Safran,Nishane,
Sultan Vetiver,Nishane,
Tempfluo,Nishane,
Tero,Nishane,
Tuberoza,Nishane,
Unutamam,Nishane,
Vain & Naïve,Nishane,
Wūlóng Chá,Nishane,
Wūlóng Chá X,Nishane,2023
Zenne,Nishane,
Ambra Nobile,Nobile 1942,
Café Chantant,Nobile 1942,
Castelli di Sabbia,Nobile 1942,
Fougère Nobile,Nobile 1942,
Il Capriccio del Maestro,Nobile 1942,
La Danza delle Libellule,Nobile 1942,
Levante,Nobile 1942,
Malia,Nobile 1942,
Malvs,Nobile 1942,
Patchouli Nobile,Nobile 1942,
Perdizione,Nobile 1942,
Pontevecchio,Nobile 1942,
Rudis,Nobile 1942,
Sandalo Nobile,Nobile 1942,
Shamal,Nobile 1942,
Vespri Aromatico,Nobile 1942,
Arbo,O Boticário,
Botica 214 Fiji Paradise,O Boticário,
Coffee Man,O Boticário,
Coffee Woman,O Boticário,
Cuide-se Bem Deleite,O Boticário,
Egeo Blue,O Boticário,
Egeo Choc,O Boticário,
Egeo Dolce,O Boticário,
Floratta Blue,O Boticário,
Floratta Cerejeira em Flor,O Boticário,
Floratta Red,O Boticário,
Floratta Rose,O Boticário,
Glamour Secrets Black,O Boticário,
Her Code,O Boticário,
Lily,O Boticário,
Lily Absolu,O Boticário,
Lily Lumière,O Boticário,
Linda,O Boticário,
Liz,O Boticário,
Malbec,O Boticário,
Malbec Club,O Boticário,
Malbec Gold,O Boticário,
Malbec Magnetic,O Boticário,
Malbec Noir,O Boticário,
Nativa SPA Flor de Ameixa,O Boticário,
Quasar,O Boticário,
Quasar Brave,O Boticário,
Thaty,O Boticário,
Zaad,O Boticário,
Zaad Mondo,O Boticário,
Amber Elixir,Oriflame,
Architect,Oriflame,
Ascendant,Oriflame,
Dare to Shine,Oriflame,
Divine,Oriflame,
Eclat,Oriflame,
Eclat Homme,Oriflame,
Excite,Oriflame,
Flamboyant,Oriflame,
Giordani Gold Essenza,Oriflame,
Giordani Gold Man,Oriflame,
Giordani Gold Original,Oriflame,
Glacier,Oriflame,
Infinita,Oriflame,
Love Potion,Oriflame,
Lucia Bright Aura,Oriflame,
Miss Giordani,Oriflame,
My Naked Truth,Oriflame,
Northern Glow,Oriflame,
Possess,Oriflame,
Possess The Secret,Oriflame,
Signature,Oriflame,
So Fever,Oriflame,
Soul Focus,Oriflame,
Volare,Oriflame,
Ambre Royal,Ormonde Jayne,
Champaca,Ormonde Jayne,
Damask,Ormonde Jayne,
Frangipani,Ormonde Jayne,
Gatsby 22,Ormonde Jayne,
Levant,Ormonde Jayne,
Montabaco,Ormonde Jayne,
Montabaco Intensivo,Ormonde Jayne,
Nawab of Oudh,Ormonde Jayne,
Ormonde Elixir,Ormonde Jayne,
Ormonde Man,Ormonde Jayne,
Ormonde Woman,Ormonde Jayne,
Osmanthus,Ormonde Jayne,
Privé,Ormonde Jayne,
Qi,Ormonde Jayne,
Ta'if,Ormonde Jayne,
Tanger,Ormonde Jayne,
Tolu,Ormonde Jayne,
Tsarina,Ormonde Jayne,
Xi'an,Ormonde Jayne,
Cape Town,Ouai,
Dean Street,Ouai,
Melrose Place,Ouai,
Mercer Street,Ouai,
Mojave Ghost Leave-In Collaboration,Ouai,
North Bondi,Ouai,
Rue St. Honoré,Ouai,
Shibuya,Ouai,
St. Barts,Ouai,
Paco Rabanne Pour Homme,Paco Rabanne,
Angélique,Papillon Artisan Perfumes,
Anubis,Papillon Artisan Perfumes,
Bengale Rouge,Papillon Artisan Perfumes,
Dryad,Papillon Artisan Perfumes,
Hera,Papillon Artisan Perfumes,
Salome,Papillon Artisan Perfumes,
Spell 125,Papillon Artisan Perfumes,
Tobacco Rose,Papillon Artisan Perfumes,
Jasmin Gyokuro,Parfums Artimique,2023
Narcisse Noir,Parfums Caron,
Pour un homme,Parfums Caron,1934
Akaster,Parfums de Marly,
Althaïr,Parfums de Marly,
Athalia,Parfums de Marly,
Carlisle,Parfums de Marly,
Cassili,Parfums de Marly,
Darcy,Parfums de Marly,
Darley,Parfums de Marly,
Delina,Parfums de Marly,
Delina Exclusif,Parfums de Marly,
Delina La Rosée,Parfums de Marly,
Galloway,Parfums de Marly,
Godolphin,Parfums de Marly,
Greenley,Parfums de Marly,
Habdan,Parfums de Marly,
Haltane,Parfums de Marly,
Herod,Parfums de Marly,
Kalan,Parfums de Marly,
Layton,Parfums de Marly,
Layton Exclusif,Parfums de Marly,
Meliora,Parfums de Marly,
Nisean,Parfums de Marly,
Oajan,Parfums de Marly,
Oriana,Parfums de Marly,
Pegasus,Parfums de Marly,
Pegasus Exclusif,Parfums de Marly,
Percival,Parfums de Marly,
Safanad,Parfums de Marly,
Sedley,Parfums de Marly,
Valaya,Parfums de Marly,
Cedar Woodpecker,Parle Moi de Parfum,
Chypre Mojo,Parle Moi de Parfum,
Comète Paradis,Parle Moi de Parfum,
Flavia Vanilla,Parle Moi de Parfum,
Gardens of India,Parle Moi de Parfum,
Guimauve de Noël,Parle Moi de Parfum,
Haute Provence,Parle Moi de Parfum,
Mile High,Parle Moi de Parfum,
Milky Musk,Parle Moi de Parfum,
Orris Tattoo,Parle Moi de Parfum,
Papyrus Oud,Parle Moi de Parfum,
Sea Sud & Sun,Parle Moi de Parfum,
Tomboy Neroli,Parle Moi de Parfum,
Totally White,Parle Moi de Parfum,
Une Tonne de Roses,Parle Moi de Parfum,
Wake Up World,Parle Moi de Parfum,
Woody Perfecto,Parle Moi de Parfum,
Babylon,Penhaligon's,
Blenheim Bouquet,Penhaligon's,
Cairo,Penhaligon's,
Changing Constance,Penhaligon's,
Constantinople,Penhaligon's,
Elisabethan Rose,Penhaligon's,
Empressa,Penhaligon's,
Endymion,Penhaligon's,
Endymion Concentré,Penhaligon's,
Halfeti,Penhaligon's,
Halfeti Cedar,Penhaligon's,
Halfeti Leather,Penhaligon's,
Hammam Bouquet,Penhaligon's,
Highgrove Bouquet,Penhaligon's,
Juniper Sling,Penhaligon's,
Lily of the Valley,Penhaligon's,
Luna,Penhaligon's,
Much Ado About The Duke,Penhaligon's,
Quercus,Penhaligon's,
Sartorial,Penhaligon's,
Savoy Steam,Penhaligon's,
Solaris,Penhaligon's,
The Bewitching Yasmine,Penhaligon's,
The Blazing Mr Sam,Penhaligon's,
The Coveted Duchess Rose,Penhaligon's,
The Favourite,Penhaligon's,
The Revenge of Lady Blanche,Penhaligon's,
The Tragedy of Lord George,Penhaligon's,
Vaara,Penhaligon's,
Blondpurple,Perroy,2024
Ameline,Phlur,
Apricot Privée,Phlur,
Father Figure,Phlur,
Hanami,Phlur,
Heavy Cream,Phlur,
Hepcat,Phlur,
Lost Cause,Phlur,
Missing Person,Phlur,
Moab,Phlur,
Mood Ring,Phlur,
Not Your Baby,Phlur,
Olmsted & Vaux,Phlur,
Sandara,Phlur,
Solar Power,Phlur,
Somebody Wood,Phlur,
Strawberry Letter,Phlur,
Tangerine Boy,Phlur,
Vanilla Skin,Phlur,
Aomassaï,Pierre Guillaume Paris,
Bois Naufragé,Pierre Guillaume Paris,
Brûlure de Rose,Pierre Guillaume Paris,
Cadjmere,Pierre Guillaume Paris,
Cozé,Pierre Guillaume Paris,
Cuir Venenum,Pierre Guillaume Paris,
Dialogue with Venus,Pierre Guillaume Paris,
Djhenné,Pierre Guillaume Paris,
Felanilla,Pierre Guillaume Paris,
Harmatan Noir,Pierre Guillaume Paris,
Indochine,Pierre Guillaume Paris,
Intime Extime,Pierre Guillaume Paris,
Jardins de Kerylos,Pierre Guillaume Paris,
L'Ombre Fauve,Pierre Guillaume Paris,
Mojito Chypre,Pierre Guillaume Paris,
Naiviris,Pierre Guillaume Paris,
Praliné de Santal,Pierre Guillaume Paris,
Sorong,Pierre Guillaume Paris,
Infusion d'Amande,Prada,
Infusion d'Iris,Prada,
Infusion d'Iris Cèdre,Prada,
Infusion de Fleur d'Oranger,Prada,
Infusion de Gingembre,Prada,
Infusion de Rose,Prada,
Infusion de Vanille,Prada,
Infusion de Vétiver,Prada,
L'Homme Prada,Prada,
L'Homme Prada Intense,Prada,
La Femme Prada,Prada,
Luna Rossa,Prada,
Luna Rossa Black,Prada,
Luna Rossa Carbon,Prada,
Luna Rossa Ocean,Prada,
Paradoxe,Prada,
Paradoxe Intense,Prada,
Prada Amber,Prada,
Prada Amber Pour Homme,Prada,
Prada Candy,Prada,
Prada Candy Florale,Prada,
Prada Candy Kiss,Prada,
Prada Candy Night,Prada,
Prada Olfactories Cargo de Nuit,Prada,
Prada Olfactories Heat Wave,Prada,
Prada Olfactories Purple Rain,Prada,
Prada Tendre,Prada,
Black Star,Procter & Gamble,2009
1 Million,Rabanne,
1 Million Elixir,Rabanne,
1 Million Lucky,Rabanne,
1 Million Parfum,Rabanne,
Black XS,Rabanne,
Black XS For Her,Rabanne,
Fame,Rabanne,
Fame Intense,Rabanne,
Invictus,Rabanne,
Invictus Aqua,Rabanne,
Invictus Platinum,Rabanne,
Invictus Victory,Rabanne,
Lady Million,Rabanne,
Lady Million Empire,Rabanne,
Lady Million Fabulous,Rabanne,
Olympea,Rabanne,
Olympea Intense,Rabanne,
Olympea Solar,Rabanne,
Paco Rabanne Pour Homme,Rabanne,
Phantom,Rabanne,
Phantom Parfum,Rabanne,
Pure XS,Rabanne,
Pure XS For Her,Rabanne,
Ultraviolet,Rabanne,
XS,Rabanne,
Beyond Romance,Ralph Lauren,
Big Pony 1,Ralph Lauren,
Big Pony 2,Ralph Lauren,
Big Pony 3,Ralph Lauren,
Big Pony 4,Ralph Lauren,
Blue,Ralph Lauren,
Lauren,Ralph Lauren,
Notorious,Ralph Lauren,
Polo,Ralph Lauren,
Polo Black,Ralph Lauren,
Polo Blue,Ralph Lauren,
Polo Deep Blue,Ralph Lauren,
Polo Earth,Ralph Lauren,
Polo Green,Ralph Lauren,
Polo Red,Ralph Lauren,
Polo Sport,Ralph Lauren,
Ralph,Ralph Lauren,
Ralph Fresh,Ralph Lauren,
Ralph Love,Ralph Lauren,
Ralph's Club,Ralph Lauren,
Ralph's Club Elixir,Ralph Lauren,
Ralph's Club Parfum,Ralph Lauren,
Romance,Ralph Lauren,
Romance Rosé,Ralph Lauren,
Safari for Men,Ralph Lauren,
Safari for Women,Ralph Lauren,
Woman by Ralph Lauren,Ralph Lauren,
Crush,Rihanna,
Fenty Eau de Parfum,Rihanna,
Fenty Parfum,Rihanna,
Kiss,Rihanna,
Nude by Rihanna,Rihanna,
Reb'l Fleur,Rihanna,
Rebelle,Rihanna,
RiRi,Rihanna,
Rogue,Rihanna,
Rogue by Rihanna,Rihanna,
Rogue Love,Rihanna,
Rogue Man,Rihanna,
Fracas,Robert Piguet,
Femme,Rochas,1944
51 Pour Femme,Roja Parfums,
A Midsummer Dream,Roja Parfums,
Amber Aoud,Roja Parfums,
Aoud,Roja Parfums,
Apex,Roja Parfums,
Burlington 1819,Roja Parfums,
Creation-E,Roja Parfums,
Danger,Roja Parfums,
Diaghilev,Roja Parfums,
Elysium,Roja Parfums,
Enigma,Roja Parfums,
Harrods Pour Homme,Roja Parfums,
Haute Luxe,Roja Parfums,
Isola Blu,Roja Parfums,
Manhattan,Roja Parfums,
Musk Aoud,Roja Parfums,
Oceania,Roja Parfums,
Qatar,Roja Parfums,
Reckless,Roja Parfums,
Scandal,Roja Parfums,
Sweetie Aoud,Roja Parfums,
Vetiver,Roja Parfums,
Atramental,Room 1015,
Blomma Cult,Room 1015,
Cherry Punk,Room 1015,
Cherry Punk Extrait,Room 1015,
Electric Wood,Room 1015,
Hollyrose,Room 1015,
Purple Mantra,Room 1015,
Sonic Flower,Room 1015,
Sonic Flower Extrait,Room 1015,
Sweet Leaf,Room 1015,
Ten Fifteen,Room 1015,
Wavechild,Room 1015,
Yesterday,Room 1015,
Lovely (perfume),Sarah Jessica Parker,
Ambre Sultan,Serge Lutens,
Arabie,Serge Lutens,
Baptême du Feu,Serge Lutens,
Borneo 1834,Serge Lutens,
Chergui,Serge Lutens,
Clair de Musc,Serge Lutens,
Daim Blond,Serge Lutens,
Datura Noir,Serge Lutens,
De Profundis,Serge Lutens,
Dent de Lait,Serge Lutens,
Feminité du Bois,Serge Lutens,
Fille en Aiguilles,Serge Lutens,
Five O'Clock au Gingembre,Serge Lutens,
Fleurs d'Oranger,Serge Lutens,
Gris Clair,Serge Lutens,
Iris Silver Mist,Serge Lutens,
Jeux de Peau,Serge Lutens,
L'Eau Serge Lutens,Serge Lutens,
L'Orpheline,Serge Lutens,
La Couche du Diable,Serge Lutens,
La Fille de Berlin,Serge Lutens,
La Religieuse,Serge Lutens,
Musc Koublai Khan,Serge Lutens,
Nuit de Cellophane,Serge Lutens,
Sa Majesté la Rose,Serge Lutens,
Santal de Mysore,Serge Lutens,
Santal Majuscule,Serge Lutens,
Tubereuse Criminelle,Serge Lutens,
Un Bois Vanille,Serge Lutens,
Vetiver Oriental,Serge Lutens,
S by Shakira,Shakira,2010
Arrow,Skylar,
Boardwalk Delight,Skylar,
Capri Summer,Skylar,
Citrine Sky,Skylar,
Coconut Cove,Skylar,
Fall Cashmere,Skylar,
Isle Escape,Skylar,
Lime Sands,Skylar,
Meadow,Skylar,
Midnight Moon,Skylar,
Peach Fields,Skylar,
Pink Canyon,Skylar,
Salt Air,Skylar,
Sunkissed Dahlia,Skylar,
Urban Rose,Skylar,
Vanilla Sky,Skylar,
Willow,Skylar,
After Hours,Sol de Janeiro,
Anitta Sol Cheirosa 39,Sol de Janeiro,
Brazilian Crush Cheirosa 62,Sol de Janeiro,
Carioca Crush,Sol de Janeiro,
Cheirosa 40,Sol de Janeiro,
Cheirosa 59,Sol de Janeiro,
Cheirosa 62,Sol de Janeiro,
Cheirosa 68,Sol de Janeiro,
Cheirosa 71,Sol de Janeiro,
Do Not Disturb,Sol de Janeiro,
Rio Radiance,Sol de Janeiro,
Tan Lines,Sol de Janeiro,
When in Rio,Sol de Janeiro,
Horchata de Vanille,Sphinx Fragrances,2022
Au Coeur du Désert,Tauer Perfumes,
Carillon pour un Ange,Tauer Perfumes,
Golestan,Tauer Perfumes,
Incense Extreme,Tauer Perfumes,
Incense Rosé,Tauer Perfumes,
L'Air du Désert Marocain,Tauer Perfumes,
Lonestar Memories,Tauer Perfumes,
Noontide Petals,Tauer Perfumes,
Orange Star,Tauer Perfumes,
PHI Une Rose de Kandahar,Tauer Perfumes,
Phtaloblue,Tauer Perfumes,
Reverie au Jardin,Tauer Perfumes,
Sotto La Luna Gardenia,Tauer Perfumes,
Sotto La Luna Hyacinth,Tauer Perfumes,
Sotto La Luna Tuberose,Tauer Perfumes,
Sundowner,Tauer Perfumes,
Une Rose Chyprée,Tauer Perfumes,
Wonderstruck,Taylor Swift,
Amazonian Wild Lily,The Body Shop,
Atlas Mountain Rose,The Body Shop,
Black Musk,The Body Shop,
British Rose,The Body Shop,
Coconut,The Body Shop,
Dewberry,The Body Shop,
Fijian Water Lotus,The Body Shop,
Indian Night Jasmine,The Body Shop,
Italian Summer Fig,The Body Shop,
Japanese Cherry Blossom,The Body Shop,
Mango,The Body Shop,
Moringa,The Body Shop,
Polynesian Island Tiare,The Body Shop,
Red Musk,The Body Shop,
Satsuma,The Body Shop,
Shea,The Body Shop,
Smoky Rose,The Body Shop,
Strawberry,The Body Shop,
Vanilla,The Body Shop,
White Musk,The Body Shop,
White Musk Flora,The Body Shop,
White Musk Libertine,The Body Shop,
White Musk Radical,The Body Shop,
White Musk Smoky Rose,The Body Shop,
Al Contrario,Tiziana Terenzi,
Andromeda,Tiziana Terenzi,
Arethusa,Tiziana Terenzi,
Bianco Puro,Tiziana Terenzi,
Borea,Tiziana Terenzi,
Casanova,Tiziana Terenzi,
Cassiopea,Tiziana Terenzi,
Chimaera,Tiziana Terenzi,
Delox,Tiziana Terenzi,
Draco,Tiziana Terenzi,
Ecstasy,Tiziana Terenzi,
Gumin,Tiziana Terenzi,
Halley,Tiziana Terenzi,
Kirkè,Tiziana Terenzi,
Laudano Nero,Tiziana Terenzi,
Leo,Tiziana Terenzi,
Lyncis,Tiziana Terenzi,
Maremma,Tiziana Terenzi,
Orion,Tiziana Terenzi,
Porpora,Tiziana Terenzi,
Rosso Pompei,Tiziana Terenzi,
Spirito Fiorentino,Tiziana Terenzi,
Tabit,Tiziana Terenzi,
Tempel,Tiziana Terenzi,
Tyl,Tiziana Terenzi,
Ursa,Tiziana Terenzi,
Vele,Tiziana Terenzi,
Wirtanen,Tiziana Terenzi,
Beau de Jour,Tom Ford,
Bitter Peach,Tom Ford,
Black Orchid,Tom Ford,
Cherry Smoke,Tom Ford,
Costa Azzurra,Tom Ford,
Electric Cherry,Tom Ford,
Fleur de Portofino,Tom Ford,
Fucking Fabulous,Tom Ford,
Grey Vetiver,Tom Ford,
Jasmin Rouge,Tom Ford,
Lost Cherry,Tom Ford,
Mandarino di Amalfi,Tom Ford,
Myrrhe Mystère,Tom Ford,
Métallique,Tom Ford,
Neroli Portofino,Tom Ford,
Noir de Noir,Tom Ford,
Noir Extreme,Tom Ford,
Noir Extreme Parfum,Tom Ford,
Ombré Leather,Tom Ford,
Ombré Leather Parfum,Tom Ford,
Orchid Soleil,Tom Ford,
Oud Wood,Tom Ford,
Plum Japonais,Tom Ford,
Rose Prick,Tom Ford,
Santal Blush,Tom Ford,
Shanghai Lily,Tom Ford,
Soleil Blanc,Tom Ford,
Soleil Neige,Tom Ford,
Tobacco Vanille,Tom Ford,
Tom Ford for Men,Tom Ford,
Tuscan Leather,Tom Ford,
Vanilla Sex,Tom Ford,
Velvet Orchid,Tom Ford,
White Suede,Tom Ford,
Ébène Fumé,Tom Ford,
Dreaming,Tommy Hilfiger,
Impact,Tommy Hilfiger,
Impact Intense,Tommy Hilfiger,
Impact Spark,Tommy Hilfiger,
Loud for Her,Tommy Hilfiger,
Loud for Him,Tommy Hilfiger,
The Girl,Tommy Hilfiger,
Tommy,Tommy Hilfiger,
Tommy Brights,Tommy Hilfiger,
Tommy Eau de Prep,Tommy Hilfiger,
Tommy Freedom,Tommy Hilfiger,
Tommy Girl,Tommy Hilfiger,
Tommy Girl Eau de Prep,Tommy Hilfiger,
Tommy Girl Neon Brights,Tommy Hilfiger,
Tommy Girl Now,Tommy Hilfiger,
Tommy Girl Summer,Tommy Hilfiger,
Tommy Girl Vibrant Summer,Tommy Hilfiger,
Tommy Girl Weekend Getaway,Tommy Hilfiger,
Tommy Now,Tommy Hilfiger,
Tommy Summer,Tommy Hilfiger,
Tommy Vibrant Summer,Tommy Hilfiger,
Tommy Weekend Getaway,Tommy Hilfiger,
True Star,Tommy Hilfiger,
True Star Men,Tommy Hilfiger,
1920 The Origin,Tous,
Bonjour Señorita,Tous,
Gold,Tous,
LoveMe,Tous,
LoveMe The Emerald Elixir,Tous,
LoveMe The Onyx Parfum,Tous,
More More Pink,Tous,
Oh! The Origin,Tous,
Rosa,Tous,
Sensual Touch,Tous,
Tous,Tous,
Tous Floral Touch,Tous,
Tous H2O,Tous,
Tous Kids Boy,Tous,
Tous Kids Girl,Tous,
Tous Man,Tous,
Tous Man Chill,Tous,
Tous Man Sport,Tous,
Tous Touch,Tous,
Your Moments,Tous,
Usher,Usher,
Rock'n Rose,Valentino,
V pour Homme,Valentino,
Valentina,Valentino,
Valentina Assoluto,Valentino,
Valentina Pink,Valentino,
Valentina Poudre,Valentino,
Valentino Donna,Valentino,
Valentino Donna Born in Roma,Valentino,
Valentino Donna Born in Roma Coral Fantasy,Valentino,
Valentino Donna Born in Roma Intense,Valentino,
Valentino Uomo,Valentino,
Valentino Uomo Born in Roma,Valentino,
Valentino Uomo Born in Roma Coral Fantasy,Valentino,
Valentino Uomo Born in Roma Intense,Valentino,
Vendetta Uomo,Valentino,
Very Valentino,Valentino,
Voce Viva,Valentino,
Voce Viva Intensa,Valentino,
Ambre Imperial,Van Cleef & Arpels,
Bois d'Iris,Van Cleef & Arpels,
Bois Doré,Van Cleef & Arpels,
California Reverie,Van Cleef & Arpels,
Collection Extraordinaire Moonlight Rose,Van Cleef & Arpels,
Collection Extraordinaire Oud Blanc,Van Cleef & Arpels,
Collection Extraordinaire Rêve de Cashmere,Van Cleef & Arpels,
Collection Extraordinaire Santal Blanc,Van Cleef & Arpels,
Collection Extraordinaire Thé Amara,Van Cleef & Arpels,
Feerie,Van Cleef & Arpels,
First,Van Cleef & Arpels,
Gardenia Petale,Van Cleef & Arpels,
Midnight in Paris,Van Cleef & Arpels,
Moonlight Patchouli,Van Cleef & Arpels,
Neroli Amara,Van Cleef & Arpels,
Orchidee Vanille,Van Cleef & Arpels,
Oriens,Van Cleef & Arpels,
Patchouli Blanc,Van Cleef & Arpels,
Precious Oud,Van Cleef & Arpels,
Rose Rouge,Van Cleef & Arpels,
Santal Blanc,Van Cleef & Arpels,
Tsar,Van Cleef & Arpels,
Atelier Versace Cédrat de Diamante,Versace,
Atelier Versace Figue Blanche,Versace,
Atelier Versace Santal Boisé,Versace,
Atelier Versace Vanille Rouge,Versace,
Atelier Versace Éclat de Rose,Versace,
Blue Jeans,Versace,
Bright Crystal,Versace,
Bright Crystal Absolu,Versace,
Crystal Noir,Versace,
Crystal Noir EDT,Versace,2004
Dylan Blue Pour Femme,Versace,
Dylan Blue Pour Homme,Versace,
Dylan Purple,Versace,
Dylan Turquoise,Versace,
Eros,Versace,
Eros Flame,Versace,
Eros Pour Femme,Versace,
Man Eau Fraîche,Versace,
Oud Noir,Versace,
Oud Oriental,Versace,
Pour Homme,Versace,
Red Jeans,Versace,
The Dreamer,Versace,
Vanitas,Versace,
Versense,Versace,
Yellow Diamond,Versace,
Yellow Diamond Intense,Versace,
God Bless Cola,Versȧtile Paris,2023
Amber Romance,Victoria's Secret,
Aqua Kiss,Victoria's Secret,
Bare,Victoria's Secret,
Bare Rose,Victoria's Secret,
Bare Vanilla,Victoria's Secret,
Bombshell,Victoria's Secret,
Bombshell Intense,Victoria's Secret,
Bombshell Isle,Victoria's Secret,
Bombshell Passion,Victoria's Secret,
Bombshell Seduction,Victoria's Secret,
Coconut Passion,Victoria's Secret,
Dream Angels Heavenly,Victoria's Secret,
Eau So Sexy,Victoria's Secret,
Hardcore Rose,Victoria's Secret,
Heavenly,Victoria's Secret,
Love,Victoria's Secret,
Love Spell,Victoria's Secret,
Love Star,Victoria's Secret,
Midnight Bloom,Victoria's Secret,
Pure Seduction,Victoria's Secret,
Rapture,Victoria's Secret,
Scandalous,Victoria's Secret,
Tease,Victoria's Secret,
Tease Candy Noir,Victoria's Secret,
Tease Dreamer,Victoria's Secret,
Velvet Petals,Victoria's Secret,
Velvet Petals La Crème,Victoria's Secret,
Very Sexy,Victoria's Secret,
Very Sexy Now,Victoria's Secret,
Antidote,Viktor&Rolf,
Bonbon,Viktor&Rolf,
Bonbon Couture,Viktor&Rolf,
Flowerbomb,Viktor&Rolf,
Flowerbomb Dew,Viktor&Rolf,
Flowerbomb Midnight,Viktor&Rolf,
Flowerbomb Nectar,Viktor&Rolf,
Flowerbomb Ruby Orchid,Viktor&Rolf,
Flowerbomb Tiger Lily,Viktor&Rolf,
Good Fortune,Viktor&Rolf,
Good Fortune Elixir Intense,Viktor&Rolf,
Magic Dancing Roses,Viktor&Rolf,
Magic Dirty Trick,Viktor&Rolf,
Magic Liquid Diamonds,Viktor&Rolf,
Magic Sage Spell,Viktor&Rolf,
Spicebomb,Viktor&Rolf,
Spicebomb Dark Leather,Viktor&Rolf,
Spicebomb Extreme,Viktor&Rolf,
Spicebomb Infrared,Viktor&Rolf,
Spicebomb Night Vision,Viktor&Rolf,
A Lilac a Day,Vilhelm Parfumerie,
Basilico & Fellini,Vilhelm Parfumerie,
Black Citrus,Vilhelm Parfumerie,
Chicago High,Vilhelm Parfumerie,
Darling Nikki,Vilhelm Parfumerie,
Dear Polly,Vilhelm Parfumerie,
Don't Tell Jasmine,Vilhelm Parfumerie,
Faces of Francis,Vilhelm Parfumerie,
Mango Skin,Vilhelm Parfumerie,
Modest Mimosa,Vilhelm Parfumerie,
Moon Carnival,Vilhelm Parfumerie,
Morning Chess,Vilhelm Parfumerie,
Opus Kore,Vilhelm Parfumerie,
Peony Couture,Vilhelm Parfumerie,
Poets of Berlin,Vilhelm Parfumerie,
Purple Fig,Vilhelm Parfumerie,
Room Service,Vilhelm Parfumerie,
Smoke Show,Vilhelm Parfumerie,
Sparkling Jo,Vilhelm Parfumerie,
The Oud Affair,Vilhelm Parfumerie,
To My Father,Vilhelm Parfumerie,
Naughty Alice,Vivienne Westwood,2010
40 Knots,Xerjoff,
Accento,Xerjoff,
Alexandria II,Xerjoff,
Apollonia,Xerjoff,
Bouquet Ideale,Xerjoff,
Casamorati 1888,Xerjoff,
Dama Bianca,Xerjoff,
Dolce Amalfi,Xerjoff,
Erba Pura,Xerjoff,
Fiore d'Ulivo,Xerjoff,
Gran Ballo,Xerjoff,
Italica,Xerjoff,
Ivory Route,Xerjoff,
Kobe,Xerjoff,
La Capitale,Xerjoff,
Lira,Xerjoff,
Mefisto,Xerjoff,
Mefisto Gentiluomo,Xerjoff,
More Than Words,Xerjoff,
Muse,Xerjoff,
Naxos,Xerjoff,
Nio,Xerjoff,
Opera,Xerjoff,
Ouverture,Xerjoff,
Regio,Xerjoff,
Renaissance,Xerjoff,
Richwood,Xerjoff,
Soprano,Xerjoff,
Starlight,Xerjoff,
Symphonium,Xerjoff,
Tony Iommi Monkey Special,Xerjoff,
Torino21,Xerjoff,
Torino22,Xerjoff,
Torino23,Xerjoff,
Uden,Xerjoff,
Via Cavour I,Xerjoff,
Opium,YSL Beauty,
Parisienne,YSL Beauty,2009
Ambre Noir,Yves Rocher,
Bois de Sauge,Yves Rocher,
Comme une Evidence,Yves Rocher,
Comme une Evidence Intense,Yves Rocher,
Cuir de Nuit,Yves Rocher,
Cuir Vetiver,Yves Rocher,
Evidence Homme,Yves Rocher,
Hoggar,Yves Rocher,
Iris Noir,Yves Rocher,
Ispahan,Yves Rocher,
Matin Blanc,Yves Rocher,
Moment de Bonheur,Yves Rocher,
Mon Evidence,Yves Rocher,
Monoi,Yves Rocher,
Naturelle,Yves Rocher,
Neroli,Yves Rocher,
Oui à l'Amour,Yves Rocher,
Plein Soleil,Yves Rocher,
Quelques Notes d'Amour,Yves Rocher,
Rose Oud,Yves Rocher,
Sel d'Azur,Yves Rocher,
So Elixir,Yves Rocher,
Tendre Jasmin,Yves Rocher,
Vanille Noire,Yves Rocher,
Voile d'Ocre,Yves Rocher,
Baby Doll,Yves Saint Laurent,
Black Opium,Yves Saint Laurent,
Black Opium Le Parfum,Yves Saint Laurent,
Black Opium Neon,Yves Saint Laurent,
Body Kouros,Yves Saint Laurent,
Cinema,Yves Saint Laurent,
Elle,Yves Saint Laurent,
Jazz,Yves Saint Laurent,
Jazz Prestige,Yves Saint Laurent,
Kouros,Yves Saint Laurent,1981
Kouros Silver,Yves Saint Laurent,
L'Homme,Yves Saint Laurent,
L'Homme Ultime,Yves Saint Laurent,
La Nuit de L'Homme,Yves Saint Laurent,
Libre,Yves Saint Laurent,
Libre Intense,Yves Saint Laurent,
Libre Le Parfum,Yves Saint Laurent,
M7,Yves Saint Laurent,
M7 Oud Absolu,Yves Saint Laurent,
Manifesto,Yves Saint Laurent,
Mon Paris,Yves Saint Laurent,
Mon Paris Intensement,Yves Saint Laurent,
Nu,Yves Saint Laurent,
Opium,Yves Saint Laurent,
Paris,Yves Saint Laurent,1983
Parisienne,Yves Saint Laurent,
Rive Gauche,Yves Saint Laurent,1971
Y Eau de Parfum,Yves Saint Laurent,
Y Eau Fraîche,Yves Saint Laurent,
Y Le Parfum,Yves Saint Laurent,
Amalfi Sunray,Zara,
Applejuice,Zara,
Black Amber,Zara,
Bohemian Bluebells,Zara,
Cherry Smoothie,Zara,
Creatively Shanghai,Zara,
Deep Garden,Zara,
Ebony Wood,Zara,
Elegantly Tokyo,Zara,
Energetically New York,Zara,
Fabulous Sweet,Zara,
Fashionably London,Zara,
Femme,Zara,
Fields at Nightfall,Zara,
Fleur de Patchouli,Zara,
For Him Red Edition,Zara,
Gardenia,Zara,
Go Fruity,Zara,
Golden Decade,Zara,
Gracefully Madrid,Zara,
Green Savage,Zara,
Hipster Oud,Zara,
Lisboa,Zara,
Magnificently Dubai,Zara,
Majestically Dubai,Zara,
Moonlight Whisper,Zara,
Nude Bouquet,Zara,
Nuit,Zara,
Oriental,Zara,
Red Temptation,Zara,
Red Vanilla,Zara,
Rose Gourmand,Zara,
Rose Gourmand Eau de Parfum,Zara,
Sand Desert at Sunset,Zara,
Seoul,Zara,
Stunningly Venice,Zara,
Sublime Epoque,Zara,
Sunrise on the Red Sand Dunes,Zara,
Tender Amber,Zara,
Tobacco Collection Rich Warm Addictive,Zara,
Twilight Mauve,Zara,
Vetiver Pamplemousse,Zara,
Vibrant Leather,Zara,
Vibrant Leather Bogoss,Zara,
Violet Blossom,Zara,
Violet Blossom Eau de Parfum,Zara,
Waterlily Tea Dress,Zara,
Wonder Rose,Zara,
Cool Water,Zino Davidoff Group,
Bat,Zoologist Perfumes,
Beaver,Zoologist Perfumes,
Bee,Zoologist Perfumes,
Camel,Zoologist Perfumes,
Cardinal,Zoologist Perfumes,
Chameleon,Zoologist Perfumes,
Chipmunk,Zoologist Perfumes,
Civet,Zoologist Perfumes,
Cockatiel,Zoologist Perfumes,
Cow,Zoologist Perfumes,
Dodo,Zoologist Perfumes,
Dragonfly,Zoologist Perfumes,
Elephant,Zoologist Perfumes,
Harvest Mouse,Zoologist Perfumes,
Hummingbird,Zoologist Perfumes,
Hyrax,Zoologist Perfumes,
Macaque,Zoologist Perfumes,
Moth,Zoologist Perfumes,
Musk Deer,Zoologist Perfumes,
Nightingale,Zoologist Perfumes,
Panda,Zoologist Perfumes,
Penguin,Zoologist Perfumes,
Rabbit,Zoologist Perfumes,
Rhinoceros,Zoologist Perfumes,
Sacred Scarab,Zoologist Perfumes,
Seahorse,Zoologist Perfumes,
Sloth,Zoologist Perfumes,
Snowy Owl,Zoologist Perfumes,
Squid,Zoologist Perfumes,
T-Rex,Zoologist Perfumes,
Tiger,Zoologist Perfumes,
